discipline,name,country,date_of_birth,qualification_time
50m Freestyle Women,SJOESTROEM Sarah,SWE,1993-08-17,23.98
50m Freestyle Women,WASICK Katarzyna,POL,1992-03-22,24.11
50m Freestyle Women,HOPKIN Anna,GBR,1996-04-24,24.51
50m Freestyle Women,WATTEL Marie,FRA,1997-06-02,24.54
50m Freestyle Women,JENSEN Julie Kepp,DEN,2000-01-03,24.7
50m Freestyle Women,GIELE Tessa,NED,2002-11-01,24.81
50m Freestyle Women,VAN ROON Valerie,NED,1998-08-13,24.81
50m Freestyle Women,BUSCH Kim,NED,1998-06-16,24.85
50m Freestyle Women,COCCONCELLI Costanza,ITA,2002-01-26,24.9
50m Freestyle Women,MUNOZ DEL CAMPO Lidon,ESP,1995-12-03,24.9
50m Freestyle Women,GASTALDELLO Beryl,FRA,1995-02-13,24.95
50m Freestyle Women,SENANSZKY Petra,HUN,1994-01-10,24.95
50m Freestyle Women,KLANCAR Neza,SLO,2000-02-19,24.96
50m Freestyle Women,DI PIETRO Silvia,ITA,1993-04-06,24.97
50m Freestyle Women,TOURETSKI Sasha,SUI,1994-09-20,25.15
50m Freestyle Women,MEILUTYTE Ruta,LTU,1997-03-19,25.19
50m Freestyle Women,EBBESEN Elisabeth Sabro,DEN,2002-03-22,25.23
50m Freestyle Women,HINDLEY Isabella,GBR,1996-10-01,25.25
50m Freestyle Women,DRAKOU Theodora,GRE,1992-02-06,25.28
50m Freestyle Women,HILL Danielle,IRL,1999-09-27,25.3
50m Freestyle Women,KOST Nina,SUI,1995-04-17,25.3
50m Freestyle Women,STANISAVLJEVIC Nina,SRB,2004-05-17,25.32
50m Freestyle Women,TARANTINO Chiara,ITA,2003-08-14,25.33
50m Freestyle Women,VAN NUNEN Sam,NED,2001-03-15,25.33
50m Freestyle Women,MEYNEN Julie-Marie,LUX,1997-08-15,25.36
50m Freestyle Women,SEGEL Janja,SLO,2001-06-17,25.36
50m Freestyle Women,ASTEDT Sofia,SWE,2003-11-13,25.41
50m Freestyle Women,GOLOVATI Daria,ISR,2005-08-30,25.44
50m Freestyle Women,HOPE Lucy,GBR,1997-01-30,25.47
50m Freestyle Women,HADJILOIZOU Anna,CYP,2004-10-30,25.48
50m Freestyle Women,JUNEVIK Sara,SWE,2000-02-14,25.56
50m Freestyle Women,MAIK Julia,POL,2003-09-23,25.66
50m Freestyle Women,DRASIDOU Maria-Thaleia,GRE,1995-01-26,25.71
50m Freestyle Women,MALUKA Ieva,LAT,2003-04-09,25.9
50m Freestyle Women,GUDMUNDSDOTTIR Johanna E,ISL,2001-03-07,26.01
50m Freestyle Women,ABRAHAM Lilla Minna,HUN,2006-03-23,26.05
50m Freestyle Women,JEHL Marina,FRA,2001-12-05,26.21
50m Freestyle Women,MERIZAJ Nikol,ALB,1998-07-08,26.21
50m Freestyle Women,CATTERSON Victoria,IRL,2001-03-25,26.61
50m Freestyle Women,KIVIRINTA Veera,FIN,1995-04-06,26.95
50m Freestyle Women,MANUCHARYAN Varsenik,ARM,2003-07-11,27.08
50m Freestyle Women,KAPAS Boglarka,HUN,1993-04-22,27.46
50m Freestyle Women,VESTERGARD Alisa,FAR,2003-07-21,27.72
50m Freestyle Women,KULJACA Jovana,MNE,2004-05-06,27.84
50m Freestyle Women,POGHOSYAN Ani,ARM,2000-06-04,28.01
50m Freestyle Women,BEIQI Hana,KOS,2008-09-28,NA
100m Freestyle Women,HOPKIN Anna,GBR,1996-04-24,52.75
100m Freestyle Women,STEENBERGEN Marrit,NED,2000-01-11,53.41
100m Freestyle Women,ANDERSON Freya,GBR,2001-03-04,53.53
100m Freestyle Women,BONNET Charlotte,FRA,1995-02-14,53.67
100m Freestyle Women,HOPE Lucy,GBR,1997-01-30,53.89
100m Freestyle Women,GASTALDELLO Beryl,FRA,1995-02-13,54.24
100m Freestyle Women,SEGEL Janja,SLO,2001-06-17,54.26
100m Freestyle Women,KLANCAR Neza,SLO,2000-02-19,54.47
100m Freestyle Women,MUNOZ DEL CAMPO Lidon,ESP,1995-12-03,54.52
100m Freestyle Women,GIELE Tessa,NED,2002-11-01,54.57
100m Freestyle Women,DI PIETRO Silvia,ITA,1993-04-06,54.67
100m Freestyle Women,PADAR Nikoletta,HUN,2006-03-30,54.69
100m Freestyle Women,TARANTINO Chiara,ITA,2003-08-14,54.69
100m Freestyle Women,UGOLKOVA Maria,SUI,1989-07-18,54.78
100m Freestyle Women,HILL Danielle,IRL,1999-09-27,54.87
100m Freestyle Women,GYURINOVICS Fanni,HUN,2001-10-24,54.97
100m Freestyle Women,COCCONCELLI Costanza,ITA,2002-01-26,55
100m Freestyle Women,DUMONT Valentine,BEL,2000-07-02,55.14
100m Freestyle Women,MORINI Sofia,ITA,2003-03-08,55.15
100m Freestyle Women,STANISAVLJEVIC Nina,SRB,2004-05-17,55.21
100m Freestyle Women,KOST Nina,SUI,1995-04-17,55.22
100m Freestyle Women,HINDLEY Isabella,GBR,1996-10-01,55.23
100m Freestyle Women,GOLOVATI Daria,ISR,2005-08-30,55.32
100m Freestyle Women,VANOTTERDIJK Roos,BEL,2005-01-07,55.34
100m Freestyle Women,ASTEDT Sofia,SWE,2003-11-13,55.38
100m Freestyle Women,CATTERSON Victoria,IRL,2001-03-25,55.41
100m Freestyle Women,JEHL Marina,FRA,2001-12-05,55.58
100m Freestyle Women,KREUNDL Lena,AUT,1997-09-19,55.62
100m Freestyle Women,GOLD Aleksa,EST,2000-01-03,55.87
100m Freestyle Women,CAMPABADAL AMEZCUA Ainho,ESP,2003-06-03,55.89
100m Freestyle Women,JUNEVIK Sara,SWE,2000-02-14,55.92
100m Freestyle Women,MC SHARRY Mona,IRL,2000-08-21,55.95
100m Freestyle Women,EBBESEN Elisabeth Sabro,DEN,2002-03-22,55.98
100m Freestyle Women,MALUKA Ieva,LAT,2003-04-09,56.11
100m Freestyle Women,JORUNNARDOTTIR Snaefridu,ISL,2000-10-31,56.15
100m Freestyle Women,MOERTSTRAND Elvira,SWE,2003-03-15,56.38
100m Freestyle Women,LUNDBLAD Alicia,SWE,2001-04-06,56.45
100m Freestyle Women,HADJILOIZOU Anna,CYP,2004-10-30,56.57
100m Freestyle Women,GUDMUNDSDOTTIR Johanna E,ISL,2001-03-07,57.01
100m Freestyle Women,OLIVIER Monique,LUX,1998-05-13,57.29
100m Freestyle Women,SNITKO Karyna,UKR,2004-01-02,57.3
100m Freestyle Women,VESTERGARD Alisa,FAR,2003-07-21,59.58
100m Freestyle Women,POGHOSYAN Ani,ARM,2000-06-04,60.43
100m Freestyle Women,BEIQI Hana,KOS,2008-09-28,NA
100m Freestyle Women,SHEIKHALIZADEHKHANGHAH M,AZE,2004-07-18,NA
200m Freestyle Women,ANDERSON Freya,GBR,2001-03-04,116.05
200m Freestyle Women,BONNET Charlotte,FRA,1995-02-14,116.47
200m Freestyle Women,SEGEL Janja,SLO,2001-06-17,116.68
200m Freestyle Women,GOSE Isabel Marie,GER,2002-05-09,116.8
200m Freestyle Women,FAIN Katja,SLO,2001-08-31,117.49
200m Freestyle Women,COLBERT Freya,GBR,2004-03-08,117.9
200m Freestyle Women,PADAR Nikoletta,HUN,2006-03-30,117.91
200m Freestyle Women,DUMONT Valentine,BEL,2000-07-02,117.98
200m Freestyle Women,STEENBERGEN Marrit,NED,2000-01-11,118.3
200m Freestyle Women,HOPE Lucy,GBR,1997-01-30,118.45
200m Freestyle Women,POLANSKA Aleksandra,POL,2000-09-24,118.69
200m Freestyle Women,HOLKENBORG Silke,NED,2001-08-31,118.7
200m Freestyle Women,KESELY Ajna,HUN,2001-09-10,118.78
200m Freestyle Women,DE JONG Imani,NED,2002-05-28,118.88
200m Freestyle Women,MROZINSKI Julia,GER,2000-02-16,119.01
200m Freestyle Women,VAN SELM Tamryn,GBR,2004-01-27,119.07
200m Freestyle Women,MIZZAU Alice,ITA,1993-03-18,119.14
200m Freestyle Women,CESARANO Antonietta,ITA,2003-07-14,119.39
200m Freestyle Women,CAPONI Linda,ITA,1998-12-22,119.49
200m Freestyle Women,CESARANO Noemi,ITA,2003-07-14,119.54
200m Freestyle Women,GOLOVATI Daria,ISR,2005-08-30,119.67
200m Freestyle Women,CARNEZ Oceane,FRA,2002-04-03,119.7
200m Freestyle Women,TESSARIOL Lucile,FRA,2004-01-06,120.13
200m Freestyle Women,VAN KOOTEN Janna,NED,2004-08-14,120.17
200m Freestyle Women,JORUNNARDOTTIR Snaefridu,ISL,2000-10-31,120.2
200m Freestyle Women,KNOP Aleksandra,POL,2003-09-09,120.52
200m Freestyle Women,HANSEN Marina Heller,DEN,1994-02-28,120.64
200m Freestyle Women,ASTEDT Sofia,SWE,2003-11-13,120.92
200m Freestyle Women,CAMPABADAL AMEZCUA Ainho,ESP,2003-06-03,120.98
200m Freestyle Women,CATTERSON Victoria,IRL,2001-03-25,121.13
200m Freestyle Women,OLIVIER Monique,LUX,1998-05-13,121.28
200m Freestyle Women,ROSSI-BENE Giulia,FRA,2006-11-05,121.38
200m Freestyle Women,GUSC Wiktoria,POL,2004-02-14,121.45
200m Freestyle Women,KLIMEK Marta,POL,2003-01-24,121.68
200m Freestyle Women,BERGMAN Hanna,SWE,2001-05-01,121.71
200m Freestyle Women,GOLD Aleksa,EST,2000-01-03,122.16
200m Freestyle Women,SNITKO Karyna,UKR,2004-01-02,122.34
200m Freestyle Women,ANGELOVA Zhanet,BUL,2004-11-13,122.43
200m Freestyle Women,LUNDBLAD Alicia,SWE,2001-04-06,122.48
200m Freestyle Women,OPATRIL Lena,AUT,1999-06-07,122.78
200m Freestyle Women,MOERTSTRAND Elvira,SWE,2003-03-15,122.92
200m Freestyle Women,JENSEN Caroline Wiuff,DEN,2004-01-01,123.67
200m Freestyle Women,POGHOSYAN Ani,ARM,2000-06-04,130.2
200m Freestyle Women,DANDE Sara,ALB,2005-11-25,137.77
400m Freestyle Women,GOSE Isabel Marie,GER,2002-05-09,243.21
400m Freestyle Women,QUADARELLA Simona,ITA,1998-12-18,244.66
400m Freestyle Women,KESELY Ajna,HUN,2001-09-10,245.34
400m Freestyle Women,FABIAN Bettina,HUN,2004-12-13,247.81
400m Freestyle Women,ANDERSON Freya,GBR,2001-03-04,248.46
400m Freestyle Women,COLBERT Freya,GBR,2004-03-08,249.04
400m Freestyle Women,FAIN Katja,SLO,2001-08-31,249.07
400m Freestyle Women,MROZINSKI Julia,GER,2000-02-16,249.3
400m Freestyle Women,CESARANO Antonietta,ITA,2003-07-14,249.52
400m Freestyle Women,CARAMIGNOLI Martina Rita,ITA,1991-05-25,249.84
400m Freestyle Women,CESARANO Noemi,ITA,2003-07-14,250.47
400m Freestyle Women,DUMONT Valentine,BEL,2000-07-02,250.82
400m Freestyle Women,DE JONG Imani,NED,2002-05-28,251.77
400m Freestyle Women,BELMONTE GARCIA Mireia,ESP,1990-11-10,252.07
400m Freestyle Women,HOLKENBORG Silke,NED,2001-08-31,252.37
400m Freestyle Women,OTERO FERNANDEZ Paula,ESP,2004-03-30,252.7
400m Freestyle Women,KNOP Aleksandra,POL,2003-09-09,253.51
400m Freestyle Women,VAN KOOTEN Janna,NED,2004-08-14,253.75
400m Freestyle Women,VAN SELM Tamryn,GBR,2004-01-27,253.95
400m Freestyle Women,SEIFERT Lara,GER,2004-02-27,254.05
400m Freestyle Women,OLIVIER Monique,LUX,1998-05-13,254.23
400m Freestyle Women,TARASIEWICZ Klaudia,POL,2004-02-17,254.63
400m Freestyle Women,CAMPABADAL AMEZCUA Ainho,ESP,2003-06-03,254.68
400m Freestyle Women,RIEDER Celine,GER,2001-01-18,255.04
400m Freestyle Women,ANGELOVA Zhanet,BUL,2004-11-13,255.57
400m Freestyle Women,HANSEN Marina Heller,DEN,1994-02-28,255.6
400m Freestyle Women,PISANE Alisee,BEL,2003-01-20,255.6
400m Freestyle Women,MIHALYVARI FARKAS Viktor,HUN,2003-11-26,255.69
400m Freestyle Women,OPATRIL Lena,AUT,1999-06-07,256.51
400m Freestyle Women,HAELL Thilda,SWE,2005-06-08,257.34
400m Freestyle Women,HANQUET Lucie,BEL,2003-10-11,257.69
400m Freestyle Women,SNITKO Karyna,UKR,2004-01-02,258.2
400m Freestyle Women,GUSC Wiktoria,POL,2004-02-14,258.25
400m Freestyle Women,JENSEN Caroline Wiuff,DEN,2004-01-01,261.21
400m Freestyle Women,HODGINS Grace,IRL,2005-03-05,264.4
400m Freestyle Women,EIDESGAARD Var Erlingsdo,FAR,2001-03-18,268.3
400m Freestyle Women,DANDE Sara,ALB,2005-11-25,281.28
800m Freestyle Women,QUADARELLA Simona,ITA,1998-12-18,497.32
800m Freestyle Women,GOSE Isabel Marie,GER,2002-05-09,501.79
800m Freestyle Women,TUNCEL Merve,TUR,2005-01-01,501.91
800m Freestyle Women,ERTAN Deniz,TUR,2004-01-01,509.02
800m Freestyle Women,CARAMIGNOLI Martina Rita,ITA,1991-05-25,509.03
800m Freestyle Women,BECK Leonie Antonia,GER,1997-05-27,509.96
800m Freestyle Women,HOLUB Tamila Hryhorivna,POR,1999-05-15,512.3
800m Freestyle Women,OTERO FERNANDEZ Paula,ESP,2004-03-30,514.9
800m Freestyle Women,RIEDER Celine,GER,2001-01-18,515.66
800m Freestyle Women,MARTINEZ GUILLEN Angela,ESP,2004-03-18,516.23
800m Freestyle Women,DURAES Diana Margarida,POR,1996-06-08,516.93
800m Freestyle Women,FABIAN Bettina,HUN,2004-12-13,520.14
800m Freestyle Women,PIECHOTA Paulina,POL,1999-05-14,520.79
800m Freestyle Women,TARASIEWICZ Klaudia,POL,2004-02-17,523.43
800m Freestyle Women,DE JONG Imani,NED,2002-05-28,525
800m Freestyle Women,PISANE Alisee,BEL,2003-01-20,525.75
800m Freestyle Women,TANRIVERDI Duru,TUR,2004-01-05,527.07
800m Freestyle Women,HAELL Thilda,SWE,2005-06-08,530.01
800m Freestyle Women,HANQUET Lucie,BEL,2003-10-11,530.57
800m Freestyle Women,OPATRIL Lena,AUT,1999-06-07,533.29
800m Freestyle Women,ANGELOVA Zhanet,BUL,2004-11-13,533.77
800m Freestyle Women,HODGINS Grace,IRL,2005-03-05,536.44
800m Freestyle Women,FREIMANN Noemi,SUI,2005-06-09,541.38
800m Freestyle Women,EIDESGAARD Var Erlingsdo,FAR,2001-03-18,546.88
800m Freestyle Women,DANDE Sara,ALB,2005-11-25,584.79
1500m Freestyle Women,QUADARELLA Simona,ITA,1998-12-18,947.34
1500m Freestyle Women,KESELY Ajna,HUN,2001-09-10,959.8
1500m Freestyle Women,MIHALYVARI FARKAS Viktor,HUN,2003-11-26,962.26
1500m Freestyle Women,CARAMIGNOLI Martina Rita,ITA,1991-05-25,962.43
1500m Freestyle Women,HOLUB Tamila Hryhorivna,POR,1999-05-15,975.5
1500m Freestyle Women,RIEDER Celine,GER,2001-01-18,977.28
1500m Freestyle Women,OTERO FERNANDEZ Paula,ESP,2004-03-30,979.46
1500m Freestyle Women,MARTINEZ GUILLEN Angela,ESP,2004-03-18,980.66
1500m Freestyle Women,DURAES Diana Margarida,POR,1996-06-08,985.23
1500m Freestyle Women,FABIAN Bettina,HUN,2004-12-13,989.68
1500m Freestyle Women,WENSKE Fabienne,GER,2004-08-10,994.04
1500m Freestyle Women,PISANE Alisee,BEL,2003-01-20,994.9
1500m Freestyle Women,PIECHOTA Paulina,POL,1999-05-14,996.02
1500m Freestyle Women,TANRIVERDI Duru,TUR,2004-01-05,996.11
1500m Freestyle Women,HANQUET Lucie,BEL,2003-10-11,1002.59
1500m Freestyle Women,DE JONG Imani,NED,2002-05-28,1004.33
1500m Freestyle Women,SEIFERT Lara,GER,2004-02-27,1005.09
1500m Freestyle Women,TARASIEWICZ Klaudia,POL,2004-02-17,1007.26
1500m Freestyle Women,VALLONI Arianna,SMR,2001-04-10,1014.64
1500m Freestyle Women,HODGINS Grace,IRL,2005-03-05,1019.72
1500m Freestyle Women,HAELL Thilda,SWE,2005-06-08,1029.69
1500m Freestyle Women,FREIMANN Noemi,SUI,2005-06-09,1034.07
50m Backstroke Women,TOUSSAINT Kira,NED,1994-05-22,27.22
50m Backstroke Women,PIGREE Analia,FRA,2001-07-31,27.29
50m Backstroke Women,HARRIS Medi,GBR,2002-09-15,27.56
50m Backstroke Women,MOLUH Mary-Ambre,FRA,2005-09-09,27.63
50m Backstroke Women,SCALIA Silvia,ITA,1995-07-16,27.65
50m Backstroke Women,DE WAARD Maaike,NED,1996-10-11,27.69
50m Backstroke Women,PILHATSCH Caroline,AUT,1999-03-01,27.81
50m Backstroke Women,COX Lauren,GBR,2001-11-27,27.83
50m Backstroke Women,TOMA Federica,ITA,2002-01-20,27.84
50m Backstroke Women,GIELE Tessa,NED,2002-11-01,27.86
50m Backstroke Women,GORBENKO Anastasya,ISR,2003-08-07,27.87
50m Backstroke Women,COCCONCELLI Costanza,ITA,2002-01-26,27.92
50m Backstroke Women,DRAKOU Theodora,GRE,1992-02-06,27.96
50m Backstroke Women,JENSEN Julie Kepp,DEN,2000-01-03,28.01
50m Backstroke Women,LOEYNING Ingeborg Vassba,NOR,2000-09-13,28.05
50m Backstroke Women,HILL Danielle,IRL,1999-09-27,28.11
50m Backstroke Women,PEDA Paulina,POL,1998-03-18,28.11
50m Backstroke Women,MAHIEU Pauline,FRA,1999-03-13,28.21
50m Backstroke Women,GASTALDELLO Beryl,FRA,1995-02-13,28.22
50m Backstroke Women,AZEVEDO Rafaela Gomes,POR,2002-01-21,28.24
50m Backstroke Women,KOST Nina,SUI,1995-04-17,28.25
50m Backstroke Women,KUBOVA (BAUMRTOVA) Simon,CZE,1991-08-24,28.3
50m Backstroke Women,WEILER SASTRE Carmen,ESP,2004-10-25,28.42
50m Backstroke Women,ROAS Johanna,GER,1993-09-02,28.45
50m Backstroke Women,VANOTTERDIJK Roos,BEL,2005-01-07,28.5
50m Backstroke Women,ROSVALL Hanna,SWE,2000-02-10,28.51
50m Backstroke Women,STANISAVLJEVIC Nina,SRB,2004-05-17,28.54
50m Backstroke Women,REBELO Camila Rodrigues,POR,2003-02-03,28.82
50m Backstroke Women,SHARAFUTDINOVA Nika,UKR,2005-06-14,29
50m Backstroke Women,ZEVINA Daryna,UKR,1994-09-01,29.06
50m Backstroke Women,BERNAT Laura,POL,2005-05-28,29.08
50m Backstroke Women,GRABOWSKI Lena,AUT,2002-09-10,29.24
50m Backstroke Women,SZABO FELTOTHY Eszter,HUN,2002-01-04,29.28
50m Backstroke Women,POTOCKA Tamara,SVK,2002-08-15,29.62
50m Backstroke Women,GEORGIEVA Gabriela,BUL,1997-06-16,29.64
50m Backstroke Women,LAUKKANEN Jenna,FIN,1995-03-02,29.75
50m Backstroke Women,LAHTINEN Laura,FIN,2003-06-03,30.93
100m Backstroke Women,TOUSSAINT Kira,NED,1994-05-22,58.73
100m Backstroke Women,PANZIERA Margherita,ITA,1995-08-12,59.01
100m Backstroke Women,HARRIS Medi,GBR,2002-09-15,59.24
100m Backstroke Women,DE WAARD Maaike,NED,1996-10-11,59.62
100m Backstroke Women,TEREBO Emma,FRA,1998-07-10,59.64
100m Backstroke Women,MOLUH Mary-Ambre,FRA,2005-09-09,59.67
100m Backstroke Women,PEDA Paulina,POL,1998-03-18,59.75
100m Backstroke Women,HANSSON Louise,SWE,1996-11-24,59.83
100m Backstroke Women,PIGREE Analia,FRA,2001-07-31,59.88
100m Backstroke Women,LOEYNING Ingeborg Vassba,NOR,2000-09-13,60
100m Backstroke Women,TOMA Federica,ITA,2002-01-20,60.1
100m Backstroke Women,HILL Danielle,IRL,1999-09-27,60.18
100m Backstroke Women,MAHIEU Pauline,FRA,1999-03-13,60.24
100m Backstroke Women,SCALIA Silvia,ITA,1995-07-16,60.29
100m Backstroke Women,KOST Nina,SUI,1995-04-17,60.35
100m Backstroke Women,KUBOVA (BAUMRTOVA) Simon,CZE,1991-08-24,60.43
100m Backstroke Women,ROSVALL Hanna,SWE,2000-02-10,60.72
100m Backstroke Women,MOLNAR Dora,HUN,2006-06-29,60.83
100m Backstroke Women,COX Lauren,GBR,2001-11-27,60.84
100m Backstroke Women,VANOTTERDIJK Roos,BEL,2005-01-07,60.9
100m Backstroke Women,REBELO Camila Rodrigues,POR,2003-02-03,61.1
100m Backstroke Women,ZAMORANO SANZ Africa,ESP,1998-01-11,61.11
100m Backstroke Women,AZEVEDO Rafaela Gomes,POR,2002-01-21,61.31
100m Backstroke Women,HOSPER Lotte,NED,2002-09-13,61.35
100m Backstroke Women,WEILER SASTRE Carmen,ESP,2004-10-25,61.37
100m Backstroke Women,DRAKOU Theodora,GRE,1992-02-06,61.51
100m Backstroke Women,SZABO FELTOTHY Eszter,HUN,2002-01-04,61.6
100m Backstroke Women,ROAS Johanna,GER,1993-09-02,61.63
100m Backstroke Women,GRABOWSKI Lena,AUT,2002-09-10,61.8
100m Backstroke Women,GOLD Aleksa,EST,2000-01-03,61.85
100m Backstroke Women,ZEVINA Daryna,UKR,1994-09-01,61.97
100m Backstroke Women,WILSON Alicia,GBR,2000-03-05,62.07
100m Backstroke Women,SOERENSEN Karoline,DEN,2002-02-19,62.22
100m Backstroke Women,BERNAT Laura,POL,2005-05-28,62.23
100m Backstroke Women,SHARAFUTDINOVA Nika,UKR,2005-06-14,62.64
100m Backstroke Women,GEORGIEVA Gabriela,BUL,1997-06-16,62.86
200m Backstroke Women,PANZIERA Margherita,ITA,1995-08-12,126.08
200m Backstroke Women,GRABOWSKI Lena,AUT,2002-09-10,128.19
200m Backstroke Women,MOLNAR Dora,HUN,2006-06-29,129.34
200m Backstroke Women,SZABO FELTOTHY Eszter,HUN,2002-01-04,129.62
200m Backstroke Women,TOMA Federica,ITA,2002-01-20,129.76
200m Backstroke Women,ZAMORANO SANZ Africa,ESP,1998-01-11,129.76
200m Backstroke Women,SHANAHAN Katie,GBR,2004-06-25,129.9
200m Backstroke Women,BERNAT Laura,POL,2005-05-28,130.13
200m Backstroke Women,REBELO Camila Rodrigues,POR,2003-02-03,130.41
200m Backstroke Women,BARZELAY Aviv,ISR,2002-05-28,130.42
200m Backstroke Women,NYIRADI Reka,HUN,2004-08-31,130.44
200m Backstroke Women,GORBENKO Anastasya,ISR,2003-08-07,130.84
200m Backstroke Women,MAHIEU Pauline,FRA,1999-03-13,131.1
200m Backstroke Women,TEREBO Emma,FRA,1998-07-10,131.17
200m Backstroke Women,WEILER SASTRE Carmen,ESP,2004-10-25,131.31
200m Backstroke Women,LOEYNING Ingeborg Vassba,NOR,2000-09-13,131.68
200m Backstroke Women,GOLD Aleksa,EST,2000-01-03,131.7
200m Backstroke Women,ZEVINA Daryna,UKR,1994-09-01,131.73
200m Backstroke Women,KOST Nina,SUI,1995-04-17,131.84
200m Backstroke Women,HOSPER Lotte,NED,2002-09-13,132.21
200m Backstroke Women,OEZTUERK Sonnele,GER,1998-03-17,132.44
200m Backstroke Women,GEORGIEVA Gabriela,BUL,1997-06-16,132.69
200m Backstroke Women,BORER Fanny,SUI,1996-04-07,132.99
200m Backstroke Women,SOERENSEN Karoline,DEN,2002-02-19,133.33
200m Backstroke Women,SHARAFUTDINOVA Nika,UKR,2005-06-14,135.79
200m Backstroke Women,NYSTRAND Lisa,SWE,2006-05-15,137.13
50m Breaststroke Women,PILATO Benedetta,ITA,2005-01-18,29.3
50m Breaststroke Women,MEILUTYTE Ruta,LTU,1997-03-19,29.7
50m Breaststroke Women,CASTIGLIONI Arianna,ITA,1997-08-15,29.86
50m Breaststroke Women,JEFIMOVA Eneli,EST,2006-12-27,30.08
50m Breaststroke Women,CLARK Imogen,GBR,1999-06-01,30.1
50m Breaststroke Women,HANSSON Sophie,SWE,1998-08-02,30.31
50m Breaststroke Women,CARRARO Martina,ITA,1993-06-21,30.56
50m Breaststroke Women,GASPARD Florine,BEL,2001-12-28,30.56
50m Breaststroke Women,KIVIRINTA Veera,FIN,1995-04-06,30.66
50m Breaststroke Women,VERMEIREN Fleur,BEL,2002-06-21,30.7
50m Breaststroke Women,ANGIOLINI Lisa,ITA,1995-06-29,30.73
50m Breaststroke Women,TETEREVKOVA Kotryna,LTU,2002-01-23,30.82
50m Breaststroke Women,DRASIDOU Maria-Thaleia,GRE,1995-01-26,30.88
50m Breaststroke Women,RODRIGUES Ana Pinho,POR,1994-04-21,31.09
50m Breaststroke Women,THORMALM Klara,SWE,1998-03-29,31.12
50m Breaststroke Women,HANLON Kara,GBR,1997-06-04,31.13
50m Breaststroke Women,PALMANS Anne Louise,NED,2000-07-27,31.15
50m Breaststroke Women,MAMIE Lisa,SUI,1998-10-27,31.17
50m Breaststroke Women,VALL MONTERO Jessica,ESP,1988-11-22,31.17
50m Breaststroke Women,SZTANDERA Dominika,POL,1997-01-19,31.22
50m Breaststroke Women,LAUKKANEN Jenna,FIN,1995-03-02,31.28
50m Breaststroke Women,MC SHARRY Mona,IRL,2000-08-21,31.28
50m Breaststroke Women,SCHULZE Nele,GER,2004-02-20,31.29
50m Breaststroke Women,VOVK Tara,SLO,2000-02-15,31.39
50m Breaststroke Women,ISAYEVA Kamila,UKR,2005-10-19,31.49
50m Breaststroke Women,LAHTINEN Laura,FIN,2003-06-03,31.58
50m Breaststroke Women,MATAJA Meri,CRO,2004-03-07,31.64
50m Breaststroke Women,MANSSON Julia,SWE,2002-09-04,31.66
50m Breaststroke Women,PODMANIKOVA Andrea,SVK,1998-02-23,31.67
50m Breaststroke Women,ROMANJUK Maria,EST,1996-08-15,31.7
50m Breaststroke Women,VIBERG Cecilia,SWE,2003-08-25,31.7
50m Breaststroke Women,COYNE Niamh,IRL,2001-06-22,31.99
50m Breaststroke Women,BLOMSTERBERG Thea,DEN,2002-01-09,32.12
50m Breaststroke Women,RUUSKA Martta,FIN,2003-06-05,32.4
50m Breaststroke Women,STANISAVLJEVIC Nina,SRB,2004-05-17,32.48
50m Breaststroke Women,KONTOGEORGOU Eleni,GRE,2000-07-09,33.05
50m Breaststroke Women,COSKUN Defne,TUR,2005-06-20,33.8
50m Breaststroke Women,MICALLEF Amy,MLT,1998-02-03,34.74
50m Breaststroke Women,MANUCHARYAN Varsenik,ARM,2003-07-11,NA
100m Breaststroke Women,HANSSON Sophie,SWE,1998-08-02,65.66
100m Breaststroke Women,CASTIGLIONI Arianna,ITA,1997-08-15,65.67
100m Breaststroke Women,PILATO Benedetta,ITA,2005-01-18,65.7
100m Breaststroke Women,CARRARO Martina,ITA,1993-06-21,65.85
100m Breaststroke Women,MEILUTYTE Ruta,LTU,1997-03-19,66.02
100m Breaststroke Women,TETEREVKOVA Kotryna,LTU,2002-01-23,66.35
100m Breaststroke Women,MC SHARRY Mona,IRL,2000-08-21,66.39
100m Breaststroke Women,JEFIMOVA Eneli,EST,2006-12-27,66.47
100m Breaststroke Women,MAMIE Lisa,SUI,1998-10-27,66.76
100m Breaststroke Women,ANGIOLINI Lisa,ITA,1995-06-29,66.82
100m Breaststroke Women,VALL MONTERO Jessica,ESP,1988-11-22,66.93
100m Breaststroke Women,SCHOUTEN Tes,NED,2000-12-31,67.18
100m Breaststroke Women,HANLON Kara,GBR,1997-06-04,67.52
100m Breaststroke Women,CLARK Imogen,GBR,1999-06-01,67.63
100m Breaststroke Women,ROMANJUK Maria,EST,1996-08-15,67.68
100m Breaststroke Women,GASPARD Florine,BEL,2001-12-28,67.72
100m Breaststroke Women,COYNE Niamh,IRL,2001-06-22,67.83
100m Breaststroke Women,SZTANDERA Dominika,POL,1997-01-19,67.88
100m Breaststroke Women,BLOMSTERBERG Thea,DEN,2002-01-09,68.21000000000001
100m Breaststroke Women,THORMALM Klara,SWE,1998-03-29,68.34
100m Breaststroke Women,PODMANIKOVA Andrea,SVK,1998-02-23,68.36
100m Breaststroke Women,FISCHER Bente,GER,1997-10-19,68.42
100m Breaststroke Women,KIVIRINTA Veera,FIN,1995-04-06,68.59
100m Breaststroke Women,MANSSON Julia,SWE,2002-09-04,68.6
100m Breaststroke Women,RODRIGUES Ana Pinho,POR,1994-04-21,68.69
100m Breaststroke Women,BLANCHETIERE Adele,FRA,1999-04-16,68.76
100m Breaststroke Women,RYBAK-ANDERSEN Clara,DEN,2003-12-18,68.81
100m Breaststroke Women,VOVK Tara,SLO,2000-02-15,68.94
100m Breaststroke Women,BLAZEVIC Ana,CRO,2003-06-24,69.03999999999999
100m Breaststroke Women,KREUNDL Lena,AUT,1997-09-19,69.15
100m Breaststroke Women,HORSKA Kristyna,CZE,1997-09-30,69.39
100m Breaststroke Women,DRASIDOU Maria-Thaleia,GRE,1995-01-26,69.53999999999999
100m Breaststroke Women,LAUKKANEN Jenna,FIN,1995-03-02,69.62
100m Breaststroke Women,ISAYEVA Kamila,UKR,2005-10-19,69.66
100m Breaststroke Women,LAHTINEN Laura,FIN,2003-06-03,69.83
100m Breaststroke Women,KONTOGEORGOU Eleni,GRE,2000-07-09,70.41
100m Breaststroke Women,MC CARTNEY Ellie,IRL,2005-04-13,70.49
100m Breaststroke Women,MATAJA Meri,CRO,2004-03-07,70.62
100m Breaststroke Women,RUUSKA Martta,FIN,2003-06-05,70.66
100m Breaststroke Women,COSKUN Defne,TUR,2005-06-20,71.03
100m Breaststroke Women,TUDO CUBELLS Nadia,AND,1997-04-08,72.35
100m Breaststroke Women,MICALLEF Amy,MLT,1998-02-03,76.03
200m Breaststroke Women,MAMIE Lisa,SUI,1998-10-27,142.05
200m Breaststroke Women,TETEREVKOVA Kotryna,LTU,2002-01-23,142.88
200m Breaststroke Women,FANGIO Francesca,ITA,1995-08-17,143.06
200m Breaststroke Women,VALL MONTERO Jessica,ESP,1988-11-22,143.31
200m Breaststroke Women,HANSSON Sophie,SWE,1998-08-02,143.82
200m Breaststroke Women,CARRARO Martina,ITA,1993-06-21,144.24
200m Breaststroke Women,HORSKA Kristyna,CZE,1997-09-30,145.03
200m Breaststroke Women,MC SHARRY Mona,IRL,2000-08-21,145.07999999999998
200m Breaststroke Women,ANGIOLINI Lisa,ITA,1995-06-29,145.64
200m Breaststroke Women,FISCHER Bente,GER,1997-10-19,145.77
200m Breaststroke Women,RYBAK-ANDERSEN Clara,DEN,2003-12-18,146.13
200m Breaststroke Women,SCHOUTEN Tes,NED,2000-12-31,146.13
200m Breaststroke Women,BLOMSTERBERG Thea,DEN,2002-01-09,146.19
200m Breaststroke Women,CASTIGLIONI Arianna,ITA,1997-08-15,146.52
200m Breaststroke Women,JEFIMOVA Eneli,EST,2006-12-27,146.85
200m Breaststroke Women,COSKUN Defne,TUR,2005-06-20,147.32999999999998
200m Breaststroke Women,COYNE Niamh,IRL,2001-06-22,147.4
200m Breaststroke Women,BLANCHETIERE Adele,FRA,1999-04-16,147.54
200m Breaststroke Women,TRNIKOVA Nikoleta,SVK,2002-07-29,147.54
200m Breaststroke Women,HANLON Kara,GBR,1997-06-04,147.61
200m Breaststroke Women,BLAZEVIC Ana,CRO,2003-06-24,147.72
200m Breaststroke Women,PODMANIKOVA Andrea,SVK,1998-02-23,147.77
200m Breaststroke Women,KONTOGEORGOU Eleni,GRE,2000-07-09,148.15
200m Breaststroke Women,MANSSON Julia,SWE,2002-09-04,148.16
200m Breaststroke Women,LAHTINEN Laura,FIN,2003-06-03,148.76
200m Breaststroke Women,RUUSKA Martta,FIN,2003-06-05,148.96
200m Breaststroke Women,ISAYEVA Kamila,UKR,2005-10-19,149.4
200m Breaststroke Women,ROMANJUK Maria,EST,1996-08-15,150.27
200m Breaststroke Women,THORMALM Klara,SWE,1998-03-29,150.87
200m Breaststroke Women,MC CARTNEY Ellie,IRL,2005-04-13,151.06
200m Breaststroke Women,TUDO CUBELLS Nadia,AND,1997-04-08,153.92000000000002
200m Breaststroke Women,KREUNDL Lena,AUT,1997-09-19,155.8
200m Breaststroke Women,MICALLEF Amy,MLT,1998-02-03,162.5
50m Butterfly Women,SJOESTROEM Sarah,SWE,1993-08-17,24.95
50m Butterfly Women,WATTEL Marie,FRA,1997-06-02,25.56
50m Butterfly Women,NTOUNTOUNAKI Anna,GRE,1995-09-09,25.65
50m Butterfly Women,DE WAARD Maaike,NED,1996-10-11,25.75
50m Butterfly Women,JUNEVIK Sara,SWE,2000-02-14,25.8
50m Butterfly Women,GIELE Tessa,NED,2002-11-01,25.96
50m Butterfly Women,DI PIETRO Silvia,ITA,1993-04-06,26.02
50m Butterfly Women,HANSSON Louise,SWE,1996-11-24,26.03
50m Butterfly Women,GASTALDELLO Beryl,FRA,1995-02-13,26.15
50m Butterfly Women,JENSEN Julie Kepp,DEN,2000-01-03,26.16
50m Butterfly Women,PEDA Paulina,POL,1998-03-18,26.18
50m Butterfly Women,BUSCH Kim,NED,1998-06-16,26.21
50m Butterfly Women,DI LIDDO Elena,ITA,1993-09-08,26.23
50m Butterfly Women,DOWGIERT Anna,POL,1990-07-15,26.25
50m Butterfly Women,PUDAR Lana,BIH,2006-01-19,26.29
50m Butterfly Women,KLANCAR Neza,SLO,2000-02-19,26.45
50m Butterfly Women,COCCONCELLI Costanza,ITA,2002-01-26,26.46
50m Butterfly Women,VANOTTERDIJK Roos,BEL,2005-01-07,26.55
50m Butterfly Women,UGOLKOVA Maria,SUI,1989-07-18,26.58
50m Butterfly Women,EBBESEN Elisabeth Sabro,DEN,2002-03-22,26.76
50m Butterfly Women,MAIK Julia,POL,2003-09-23,26.78
50m Butterfly Women,POTOCKA Tamara,SVK,2002-08-15,26.82
50m Butterfly Women,HILL Danielle,IRL,1999-09-27,26.84
50m Butterfly Women,ULLMANN Julia,SUI,2005-06-19,26.89
50m Butterfly Women,STEPHENS Laura Kathleen,GBR,1999-06-02,26.92
50m Butterfly Women,LAUKKANEN Jenna,FIN,1995-03-02,27.17
50m Butterfly Women,STANISAVLJEVIC Nina,SRB,2004-05-17,27.38
50m Butterfly Women,LAHTINEN Laura,FIN,2003-06-03,27.53
50m Butterfly Women,MALUKA Ieva,LAT,2003-04-09,27.63
50m Butterfly Women,MERIZAJ Nikol,ALB,1998-07-08,27.7
50m Butterfly Women,HADJILOIZOU Anna,CYP,2004-10-30,27.71
50m Butterfly Women,GUDMUNDSDOTTIR Johanna E,ISL,2001-03-07,27.72
50m Butterfly Women,BOGDANECI Victorita-Alex,ROU,1995-03-02,27.88
50m Butterfly Women,TICHY Anastasia,AUT,2004-06-01,28.77
50m Butterfly Women,MANUCHARYAN Varsenik,ARM,2003-07-11,28.8
50m Butterfly Women,VESTERGARD Alisa,FAR,2003-07-21,29.98
50m Butterfly Women,BEIQI Hana,KOS,2008-09-28,NA
50m Butterfly Women,KAJTAZ Amina,CRO,1996-12-31,NA
100m Butterfly Women,WATTEL Marie,FRA,1997-06-02,56.14
100m Butterfly Women,HANSSON Louise,SWE,1996-11-24,56.22
100m Butterfly Women,NTOUNTOUNAKI Anna,GRE,1995-09-09,57.25
100m Butterfly Women,DI LIDDO Elena,ITA,1993-09-08,57.41
100m Butterfly Women,PUDAR Lana,BIH,2006-01-19,57.55
100m Butterfly Women,BIANCHI Ilaria,ITA,1990-01-06,57.7
100m Butterfly Women,VANOTTERDIJK Roos,BEL,2005-01-07,57.85
100m Butterfly Women,KOEHLER Angelina,GER,2000-11-12,57.91
100m Butterfly Women,UGOLKOVA Maria,SUI,1989-07-18,58.22
100m Butterfly Women,STEPHENS Laura Kathleen,GBR,1999-06-02,58.43
100m Butterfly Women,DE WAARD Maaike,NED,1996-10-11,58.61
100m Butterfly Women,SEBESTYEN Dalma,HUN,1997-01-23,58.85
100m Butterfly Women,GIELE Tessa,NED,2002-11-01,58.87
100m Butterfly Women,COCCONCELLI Costanza,ITA,2002-01-26,59.04
100m Butterfly Women,MACINNES Keanna,GBR,2001-08-19,59.1
100m Butterfly Women,JUNEVIK Sara,SWE,2000-02-14,59.19
100m Butterfly Women,CRISPINO Antonella,ITA,2003-02-17,59.21
100m Butterfly Women,MAIK Julia,POL,2003-09-23,59.32
100m Butterfly Women,ULLMANN Julia,SUI,2005-06-19,59.39
100m Butterfly Women,BACH Helena Rosendahl,DEN,2000-06-12,59.4
100m Butterfly Women,POTOCKA Tamara,SVK,2002-08-15,60.12
100m Butterfly Women,MONTEIRO Ana Catarina,POR,1993-08-14,60.13
100m Butterfly Women,HIBBOTT Holly,GBR,1999-12-13,60.14
100m Butterfly Women,ROSVALL Hanna,SWE,2000-02-10,60.6
100m Butterfly Women,HURTADO SIRERA Carla,ESP,2004-03-02,60.69
100m Butterfly Women,LAHTINEN Laura,FIN,2003-06-03,60.85
100m Butterfly Women,MALUKA Ieva,LAT,2003-04-09,61.51
100m Butterfly Women,BOGDANECI Victorita-Alex,ROU,1995-03-02,61.55
100m Butterfly Women,TICHY Anastasia,AUT,2004-06-01,61.87
100m Butterfly Women,JEHL Marina,FRA,2001-12-05,61.9
100m Butterfly Women,POLONSKY Lea,ISR,2002-05-25,62.12
100m Butterfly Women,SCHAAD Tamara,SUI,2002-07-10,62.94
100m Butterfly Women,GRABHER Annina Fatma,SUI,2004-05-06,63.15
100m Butterfly Women,BELMONTE GARCIA Mireia,ESP,1990-11-10,65.48
100m Butterfly Women,KAJTAZ Amina,CRO,1996-12-31,NA
100m Butterfly Women,MANUCHARYAN Varsenik,ARM,2003-07-11,NA
200m Butterfly Women,STEPHENS Laura Kathleen,GBR,1999-06-02,127.04
200m Butterfly Women,PUDAR Lana,BIH,2006-01-19,127.58
200m Butterfly Women,BACH Helena Rosendahl,DEN,2000-06-12,127.82
200m Butterfly Women,HOSSZU Katinka,HUN,1989-05-03,128.14
200m Butterfly Women,JAKABOS Zsuzsanna,HUN,1989-04-03,128.88
200m Butterfly Women,CUSINATO Ilaria,ITA,1999-10-05,128.91
200m Butterfly Women,SEBESTYEN Dalma,HUN,1997-01-23,128.97
200m Butterfly Women,MONTEIRO Ana Catarina,POR,1993-08-14,129.32
200m Butterfly Women,MACINNES Keanna,GBR,2001-08-19,129.76
200m Butterfly Women,HIBBOTT Holly,GBR,1999-12-13,130.27
200m Butterfly Women,CRISPINO Antonella,ITA,2003-02-17,130.3
200m Butterfly Women,NYIRADI Reka,HUN,2004-08-31,130.88
200m Butterfly Women,POLONSKY Lea,ISR,2002-05-25,131.31
200m Butterfly Women,HUFNAGL Claudia,AUT,1996-05-20,132.32
200m Butterfly Women,KNOP Aleksandra,POL,2003-09-09,133.18
200m Butterfly Women,LAHTINEN Laura,FIN,2003-06-03,133.32
200m Butterfly Women,BELMONTE GARCIA Mireia,ESP,1990-11-10,133.39
200m Butterfly Women,PUJADAS RUSINOL Julia,ESP,2001-10-15,134.08
200m Butterfly Women,BORER Fanny,SUI,1996-04-07,134.29
200m Butterfly Women,SCHAAD Tamara,SUI,2002-07-10,134.92
200m Butterfly Women,TICHY Anastasia,AUT,2004-06-01,135.27
200m Butterfly Women,GRABHER Annina Fatma,SUI,2004-05-06,135.8
200m Butterfly Women,KAJTAZ Amina,CRO,1996-12-31,NA
200m Individual Medley Women,HOSSZU Katinka,HUN,1989-05-03,129.7
200m Individual Medley Women,GORBENKO Anastasya,ISR,2003-08-07,129.99
200m Individual Medley Women,UGOLKOVA Maria,SUI,1989-07-18,130.04
200m Individual Medley Women,FRANCESCHI Sara,ITA,1999-02-01,130.26
200m Individual Medley Women,STEENBERGEN Marrit,NED,2000-01-11,130.6
200m Individual Medley Women,CUSINATO Ilaria,ITA,1999-10-05,130.72
200m Individual Medley Women,SEBESTYEN Dalma,HUN,1997-01-23,131.87
200m Individual Medley Women,HORSKA Kristyna,CZE,1997-09-30,132.21
200m Individual Medley Women,POLONSKY Lea,ISR,2002-05-25,132.85
200m Individual Medley Women,VOGELMANN Zoe,GER,2003-09-21,133.05
200m Individual Medley Women,SHANAHAN Katie,GBR,2004-06-25,133.13
200m Individual Medley Women,COCCONCELLI Costanza,ITA,2002-01-26,133.68
200m Individual Medley Women,VAZQUEZ RUIZ Alba,ESP,2002-02-24,133.88
200m Individual Medley Women,BONNET Charlotte,FRA,1995-02-14,134.28
200m Individual Medley Women,COLBERT Freya,GBR,2004-03-08,134.53
200m Individual Medley Women,BELMONTE GARCIA Mireia,ESP,1990-11-10,134.77
200m Individual Medley Women,NYSTRAND Lisa,SWE,2006-05-15,134.84
200m Individual Medley Women,KREUNDL Lena,AUT,1997-09-19,135.14
200m Individual Medley Women,BERGMAN Hanna,SWE,2001-05-01,135.96
200m Individual Medley Women,FRESIA Francesca,ITA,2000-02-24,136.02
200m Individual Medley Women,TRNIKOVA Nikoleta,SVK,2002-07-29,136.32999999999998
200m Individual Medley Women,RYBAK-ANDERSEN Clara,DEN,2003-12-18,136.64
200m Individual Medley Women,MALUKA Ieva,LAT,2003-04-09,136.94
200m Individual Medley Women,FRANQUINET Ambre,BEL,2004-05-10,137.17000000000002
200m Individual Medley Women,DELCOMMUNE Zinke,BEL,2005-03-14,137.29
200m Individual Medley Women,DOBRIN Alexandra,ROU,1993-02-19,137.57
200m Individual Medley Women,ROMANJUK Maria,EST,1996-08-15,137.78
200m Individual Medley Women,GUSC Wiktoria,POL,2004-02-14,138.69
200m Individual Medley Women,MC CARTNEY Ellie,IRL,2005-04-13,142.44
200m Individual Medley Women,MICALLEF Amy,MLT,1998-02-03,149.38
400m Individual Medley Women,HOSSZU Katinka,HUN,1989-05-03,274.76
400m Individual Medley Women,BELMONTE GARCIA Mireia,ESP,1990-11-10,275.13
400m Individual Medley Women,MIHALYVARI FARKAS Viktor,HUN,2003-11-26,275.99
400m Individual Medley Women,CUSINATO Ilaria,ITA,1999-10-05,277.37
400m Individual Medley Women,FRANCESCHI Sara,ITA,1999-02-01,277.9
400m Individual Medley Women,JAKABOS Zsuzsanna,HUN,1989-04-03,280.5
400m Individual Medley Women,COLBERT Freya,GBR,2004-03-08,281.27
400m Individual Medley Women,VOGELMANN Zoe,GER,2003-09-21,281.32
400m Individual Medley Women,SHANAHAN Katie,GBR,2004-06-25,282.59000000000003
400m Individual Medley Women,VAZQUEZ RUIZ Alba,ESP,2002-02-24,283.09000000000003
400m Individual Medley Women,FRESIA Francesca,ITA,2000-02-24,284.04
400m Individual Medley Women,GOERIGK Giulia,GER,2002-09-09,285.15
400m Individual Medley Women,POLONSKY Lea,ISR,2002-05-25,287.06
400m Individual Medley Women,DOBRIN Alexandra,ROU,1993-02-19,287.46
400m Individual Medley Women,NYSTRAND Lisa,SWE,2006-05-15,287.47
400m Individual Medley Women,TRNIKOVA Nikoleta,SVK,2002-07-29,288.72
400m Individual Medley Women,FRANQUINET Ambre,BEL,2004-05-10,289.09000000000003
400m Individual Medley Women,NYIRADI Reka,HUN,2004-08-31,289.44
400m Individual Medley Women,MALUKA Ieva,LAT,2003-04-09,300.42
50m Freestyle Men,PROUD Benjamin,GBR,1994-09-21,21.32
50m Freestyle Men,GROUSSET Maxime,FRA,1999-09-24,21.57
50m Freestyle Men,DE BOER Thom,NED,1991-12-24,21.58
50m Freestyle Men,GKOLOMEEV Kristian,GRE,1993-07-04,21.6
50m Freestyle Men,SZABO Szebasztian,HUN,1996-03-11,21.6
50m Freestyle Men,LIUKKONEN Ari-Pekka,FIN,1989-02-09,21.61
50m Freestyle Men,ZAZZERI Lorenzo,ITA,1994-08-09,21.7
50m Freestyle Men,JURASZEK Pawel,POL,1994-10-08,21.72
50m Freestyle Men,BUKHOV Vladyslav,UKR,2002-07-05,21.73
50m Freestyle Men,DEPLANO Leonardo,ITA,1999-07-21,21.82
50m Freestyle Men,PUTS Jesse,NED,1994-08-01,21.84
50m Freestyle Men,DOTTO Luca,ITA,1990-04-18,21.86
50m Freestyle Men,MIRESSI Alessandro,ITA,1998-10-02,21.86
50m Freestyle Men,SEELIGER Bjoern,SWE,2000-01-11,21.92
50m Freestyle Men,CHERUTI Meiron Amir,ISR,1997-10-19,21.95
50m Freestyle Men,MILJENIC Nikola,CRO,1998-05-19,21.95
50m Freestyle Men,CZERNIAK Konrad,POL,1989-06-11,22
50m Freestyle Men,GIGLER Heiko,AUT,1996-06-17,22.05
50m Freestyle Men,OSTROWSKI Karol,POL,1999-09-02,22.06
50m Freestyle Men,LIA Nicholas,NOR,2001-02-13,22.1
50m Freestyle Men,SIMONS Kenzo,NED,2001-04-13,22.12
50m Freestyle Men,BARNA Andrej,SRB,1998-03-02,22.14
50m Freestyle Men,GOVOROV Andriy,UKR,1992-04-10,22.16
50m Freestyle Men,LENTZ Frederik Riedel,DEN,2001-10-25,22.27
50m Freestyle Men,AERENTS Jasper,BEL,1992-12-18,22.29
50m Freestyle Men,DUSA Matej,SVK,2000-07-10,22.31
50m Freestyle Men,ELIASSON Isak,SWE,1996-01-22,22.32
50m Freestyle Men,ZAITSEV Daniel,EST,1997-12-13,22.32
50m Freestyle Men,RIBEIRO Diogo Matos,POR,2004-10-27,22.35
50m Freestyle Men,RIHOUX Charles,FRA,1998-03-07,22.36
50m Freestyle Men,MELADINIS Odyssefs,GRE,1990-04-05,22.39
50m Freestyle Men,LINNYK Illya,UKR,2001-03-14,22.45
50m Freestyle Men,PIRON Thomas,FRA,2000-08-28,22.45
50m Freestyle Men,COLL MARTI Carles,ESP,2001-10-15,22.47
50m Freestyle Men,ACIN Nikola,SRB,1999-12-19,22.51
50m Freestyle Men,LINDEBLAD Malthe,DEN,2001-01-01,22.53
50m Freestyle Men,FABIANI Remi,LUX,2001-11-13,22.54
50m Freestyle Men,WHITTLE Jacob,GBR,2004-09-25,22.55
50m Freestyle Men,BEROL Julien,FRA,2001-09-09,22.57
50m Freestyle Men,BUCHER Simon,AUT,2000-05-23,22.57
50m Freestyle Men,KARTAVI Martin,ISR,2004-03-09,22.57
50m Freestyle Men,MCCUSKER Max,IRL,1999-09-11,22.59
50m Freestyle Men,RICHARDS Matthew,GBR,2002-12-17,22.59
50m Freestyle Men,BILAS Stergios-Marios,GRE,2001-11-21,22.62
50m Freestyle Men,DE CELIS MONTALBAN Sergi,ESP,2000-01-18,22.63
50m Freestyle Men,SEGURA GUTIERREZ Juan Fr,ESP,1994-08-18,22.65
50m Freestyle Men,PAPADOPOULOS Christos,GRE,1997-02-01,22.73
50m Freestyle Men,"NANKOV Deniel",BUL,2003-01-02,22.74
50m Freestyle Men,BJELAJAC Nikola,BIH,1998-05-12,22.81
50m Freestyle Men,CHOWANIEC Mateusz,POL,2003-10-03,22.85
50m Freestyle Men,SUNGAILA Tomas,LTU,1999-03-16,22.86
50m Freestyle Men,HENX Julien,LUX,1995-06-20,22.89
50m Freestyle Men,MEEUS Elias,BEL,2003-01-30,22.91
50m Freestyle Men,"NAVIKONIS Tomas",LTU,2003-04-12,22.92
50m Freestyle Men,AHTIAINEN Alex,EST,2001-01-27,22.93
50m Freestyle Men,LIE Markus,NOR,1995-06-21,22.98
50m Freestyle Men,KHNYKIN Oleksii,UKR,1999-05-02,22.99
50m Freestyle Men,MESETOVIC Adi,BIH,1997-12-31,23
50m Freestyle Men,BARSEGHYAN Artur,ARM,2002-03-29,23.03
50m Freestyle Men,SEFL Jan,CZE,1990-05-10,23.05
50m Freestyle Men,FALK Erik,SWE,2003-06-24,23.06
50m Freestyle Men,HOLMQUIST Marcus,SWE,2000-02-05,23.09
50m Freestyle Men,LOMERO ARENAS Bernat,AND,1997-12-28,23.13
50m Freestyle Men,MILADINOV Josif,BUL,2003-06-23,23.19
50m Freestyle Men,IAKOVIDIS Markos,CYP,2000-09-28,23.43
50m Freestyle Men,STATKEVICIUS Simon E,ISL,2003-12-24,23.49
50m Freestyle Men,KOKKO Olli,FIN,1994-04-18,23.81
50m Freestyle Men,STAFRACE Raoul,MLT,1996-07-16,23.81
50m Freestyle Men,IAKOVIDIS Filippos,CYP,1998-04-14,23.84
50m Freestyle Men,KUKHALASHVILI Luka,GEO,2002-10-17,23.94
50m Freestyle Men,SPITERI Rudi,MLT,2002-04-16,23.95
50m Freestyle Men,MAMIKONYAN Vladimir,ARM,1996-07-15,24.01
50m Freestyle Men,ZIVANOVIC Uros,SRB,2005-06-30,24.02
50m Freestyle Men,GALEA Matthew,MLT,1996-05-24,24.09
50m Freestyle Men,ERADZE Luka,GEO,2002-06-27,24.89
50m Freestyle Men,UJKASHEJ Drini,ALB,2005-06-13,27.11
50m Freestyle Men,RUCI Ared,ALB,2002-11-13,27.69
50m Freestyle Men,MUJA Martin,KOS,2004-06-04,NA
50m Freestyle Men,RYAN Shane,IRL,1994-01-27,NA
100m Freestyle Men,POPOVICI David,ROU,2004-09-15,47.13
100m Freestyle Men,MIRESSI Alessandro,ITA,1998-10-02,47.45
100m Freestyle Men,GROUSSET Maxime,FRA,1999-09-24,47.52
100m Freestyle Men,NEMETH Nandor,HUN,1999-11-19,47.69
100m Freestyle Men,CECCON Thomas,ITA,2001-01-27,47.71
100m Freestyle Men,BARNA Andrej,SRB,1998-03-02,47.94
100m Freestyle Men,ZAZZERI Lorenzo,ITA,1994-08-09,47.96
100m Freestyle Men,DEAN Thomas,GBR,2000-05-02,48.06
100m Freestyle Men,WHITTLE Jacob,GBR,2004-09-25,48.11
100m Freestyle Men,SZABO Szebasztian,HUN,1996-03-11,48.19
100m Freestyle Men,RICHARDS Matthew,GBR,2002-12-17,48.23
100m Freestyle Men,MILAK Kristof,HUN,2000-02-20,48.24
100m Freestyle Men,FRIGO Manuel,ITA,1997-02-18,48.5
100m Freestyle Men,SALVAN Hadrien,FRA,1997-07-10,48.51
100m Freestyle Men,PIJNENBURG Stan,NED,1996-11-04,48.53
100m Freestyle Men,RIHOUX Charles,FRA,1998-03-07,48.58
100m Freestyle Men,VAZAIOS Andreas,GRE,1994-05-09,48.65
100m Freestyle Men,OSTROWSKI Karol,POL,1999-09-02,48.67
100m Freestyle Men,RIBEIRO Diogo Matos,POR,2004-10-27,48.72
100m Freestyle Men,MILDRED Edward,GBR,2003-04-10,48.77
100m Freestyle Men,GIGLER Heiko,AUT,1996-06-17,48.82
100m Freestyle Men,SEELIGER Bjoern,SWE,2000-01-11,48.84
100m Freestyle Men,HANSON Robin,SWE,2001-04-02,48.93
100m Freestyle Men,SHEVTSOV Sergii,UKR,1998-06-29,49.02
100m Freestyle Men,SIERADZKI Kamil,POL,2002-01-11,49.02
100m Freestyle Men,DE CELIS MONTALBAN Sergi,ESP,2000-01-18,49.07
100m Freestyle Men,GUTH Guillaume,FRA,2000-01-13,49.14
100m Freestyle Men,CHOWANIEC Mateusz,POL,2003-10-03,49.2
100m Freestyle Men,CHERUTI Meiron Amir,ISR,1997-10-19,49.23
100m Freestyle Men,MILJENIC Nikola,CRO,1998-05-19,49.25
100m Freestyle Men,MELADINIS Odyssefs,GRE,1990-04-05,49.27
100m Freestyle Men,"NANKOV Deniel",BUL,2003-01-02,49.33
100m Freestyle Men,LOKTEV Denis,ISR,2000-06-04,49.37
100m Freestyle Men,ACIN Nikola,SRB,1999-12-19,49.42
100m Freestyle Men,MCCUSKER Max,IRL,1999-09-11,49.42
100m Freestyle Men,DOMINGUEZ CALONGE Luis,ESP,2003-01-18,49.49
100m Freestyle Men,MESZAROS Daniel,HUN,2003-01-09,49.51
100m Freestyle Men,NESTERKIN Valentyn,UKR,2001-02-14,49.51
100m Freestyle Men,ZAITSEV Daniel,EST,1997-12-13,49.51
100m Freestyle Men,LIESS Nils,SUI,1996-08-24,49.58
100m Freestyle Men,LIE Markus,NOR,1995-06-21,49.62
100m Freestyle Men,ELIASSON Isak,SWE,1996-01-22,49.64
100m Freestyle Men,LINNYK Illya,UKR,2001-03-14,49.66
100m Freestyle Men,DUSA Matej,SVK,2000-07-10,49.67
100m Freestyle Men,COLL MARTI Carles,ESP,2001-10-15,49.69
100m Freestyle Men,BARSEGHYAN Artur,ARM,2002-03-29,49.78
100m Freestyle Men,BILAS Stergios-Marios,GRE,2001-11-21,49.78
100m Freestyle Men,NIKOLIC Uros,SRB,1996-07-20,49.78
100m Freestyle Men,SUNGAILA Tomas,LTU,1999-03-16,49.81
100m Freestyle Men,LIA Nicholas,NOR,2001-02-13,49.83
100m Freestyle Men,MOLLA YANES Mario,ESP,2002-04-13,49.88
100m Freestyle Men,LENTZ Frederik Riedel,DEN,2001-10-25,49.91
100m Freestyle Men,"NAVIKONIS Tomas",LTU,2003-04-12,49.91
100m Freestyle Men,LIUKKONEN Ari-Pekka,FIN,1989-02-09,49.99
100m Freestyle Men,AHTIAINEN Alex,EST,2001-01-27,50.06
100m Freestyle Men,KHNYKIN Oleksii,UKR,1999-05-02,50.09
100m Freestyle Men,PAPADOPOULOS Christos,GRE,1997-02-01,50.09
100m Freestyle Men,"NAMIR Daniel",ISR,1997-12-08,50.16
100m Freestyle Men,STOICA-CONSTANTIN George,ROU,2000-02-12,50.21
100m Freestyle Men,LINDEBLAD Malthe,DEN,2001-01-01,50.34
100m Freestyle Men,BRANDENBURGER Pit,LUX,1995-08-06,50.41
100m Freestyle Men,DINU Patrick-Sebastian,ROU,2005-06-12,50.45
100m Freestyle Men,FABIANI Remi,LUX,2001-11-13,50.47
100m Freestyle Men,PERSSON Elias,SWE,2002-04-03,50.51
100m Freestyle Men,MEEUS Elias,BEL,2003-01-30,50.53
100m Freestyle Men,KARTAVI Martin,ISR,2004-03-09,50.61
100m Freestyle Men,POWELL Robert,IRL,2000-01-28,50.81
100m Freestyle Men,YANCHEV Yordan,BUL,2001-08-30,50.92
100m Freestyle Men,BJELAJAC Nikola,BIH,1998-05-12,50.97
100m Freestyle Men,GERGELY Mihai,ROU,2003-01-26,51.24
100m Freestyle Men,MESETOVIC Adi,BIH,1997-12-31,51.25
100m Freestyle Men,KUKHALASHVILI Luka,GEO,2002-10-17,51.49
100m Freestyle Men,ZIVANOVIC Uros,SRB,2005-06-30,51.52
100m Freestyle Men,STATKEVICIUS Simon E,ISL,2003-12-24,51.77
100m Freestyle Men,LOMERO ARENAS Tomas,AND,2001-07-05,51.86
100m Freestyle Men,LOMERO ARENAS Bernat,AND,1997-12-28,52.07
100m Freestyle Men,KERMANS Ronens,LAT,2004-04-15,52.55
100m Freestyle Men,GALEA Matthew,MLT,1996-05-24,53.03
100m Freestyle Men,SPITERI Rudi,MLT,2002-04-16,53.03
100m Freestyle Men,GARGOVIC Ado,MNE,1998-07-15,53.56
100m Freestyle Men,STAFRACE Raoul,MLT,1996-07-16,53.86
100m Freestyle Men,MAMIKONYAN Vladimir,ARM,1996-07-15,54.68
100m Freestyle Men,MUJA Martin,KOS,2004-06-04,NA
200m Freestyle Men,POPOVICI David,ROU,2004-09-15,103.21
200m Freestyle Men,DEAN Thomas,GBR,2000-05-02,104.22
200m Freestyle Men,AUBOECK Felix,AUT,1996-12-19,105.11
200m Freestyle Men,RAPSYS Danas,LTU,1995-05-21,105.32
200m Freestyle Men,MAERTENS Lukas,GER,2001-12-27,105.44
200m Freestyle Men,MILAK Kristof,HUN,2000-02-20,105.74
200m Freestyle Men,DJAKOVIC Antonio,SUI,2002-10-08,105.77
200m Freestyle Men,ZIRK Kregor,EST,1999-07-03,106.1
200m Freestyle Men,NEMETH Nandor,HUN,1999-11-19,106.19
200m Freestyle Men,DE TULLIO Marco,ITA,2000-09-21,106.29
200m Freestyle Men,RICHARDS Matthew,GBR,2002-12-17,106.35
200m Freestyle Men,HANSON Robin,SWE,2001-04-02,106.5
200m Freestyle Men,MARTON Richard,HUN,1999-10-07,106.52
200m Freestyle Men,LOKTEV Denis,ISR,2000-06-04,106.64
200m Freestyle Men,DI COLA Stefano,ITA,1998-12-11,106.67
200m Freestyle Men,SALVAN Hadrien,FRA,1997-07-10,106.76
200m Freestyle Men,VAZAIOS Andreas,GRE,1994-05-09,106.94
200m Freestyle Men,MEGLI Filippo,ITA,1997-05-10,107.09
200m Freestyle Men,LIESS Nils,SUI,1996-08-24,107.16
200m Freestyle Men,FUCHS Roman,FRA,1998-01-14,107.2
200m Freestyle Men,GALOSSI Lorenzo,ITA,2006-05-25,107.42
200m Freestyle Men,MITYUKOV Roman,SUI,2000-07-30,107.44
200m Freestyle Men,ZELLMANN Poul,GER,1995-09-02,107.45
200m Freestyle Men,KROON Luc,NED,2001-08-30,107.48
200m Freestyle Men,MARKOS Dimitrios,GRE,2001-09-13,107.72
200m Freestyle Men,YEBBA Wissam-Amazigh,FRA,2000-04-08,107.75
200m Freestyle Men,CHOWANIEC Mateusz,POL,2003-10-03,107.78
200m Freestyle Men,WHITTLE Jacob,GBR,2004-09-25,107.85
200m Freestyle Men,"NAMIR Daniel",ISR,1997-12-08,107.86
200m Freestyle Men,SOLOVEYCHIK Bar,ISR,2000-08-15,108
200m Freestyle Men,TESIC Enzo,FRA,2000-01-07,108.02
200m Freestyle Men,HENVEAUX Lucas,BEL,2000-09-25,108.3
200m Freestyle Men,DOMINGUEZ CALONGE Luis,ESP,2003-01-18,108.33
200m Freestyle Men,"NAVIKONIS Tomas",LTU,2003-04-12,108.46
200m Freestyle Men,HANSEN Andreas,DEN,2000-08-25,108.6
200m Freestyle Men,MESZAROS Daniel,HUN,2004-09-27,108.89
200m Freestyle Men,DE CELIS MONTALBAN Sergi,ESP,2000-01-18,108.97
200m Freestyle Men,MITSIN Petar,BUL,2005-08-19,109.1
200m Freestyle Men,BOSKAN Saso,SLO,2002-12-12,109.15
200m Freestyle Men,MC GEEVER Finn,IRL,2000-10-20,109.19
200m Freestyle Men,JOENTVEDT Jon,NOR,2003-07-28,109.43
200m Freestyle Men,GADGAARD Mikkel,DEN,1999-05-03,109.53
200m Freestyle Men,SUNGAILA Tomas,LTU,1999-03-16,110.25
200m Freestyle Men,MILDRED Edward,GBR,2003-04-10,110.32
200m Freestyle Men,YANCHEV Yordan,BUL,2001-08-30,110.4
200m Freestyle Men,MANNES Max,LUX,1997-11-19,110.68
200m Freestyle Men,BRANDENBURGER Pit,LUX,1995-08-06,110.72
200m Freestyle Men,BEN SHITRIT Eitan,ISR,2003-06-02,110.73
200m Freestyle Men,STAMOU Konstantinos Emma,GRE,2003-07-10,110.97
200m Freestyle Men,POWELL Robert,IRL,2000-01-28,111.1
200m Freestyle Men,JABLCNIK Frantisek,SVK,2003-10-23,111.25
200m Freestyle Men,HOLMQUIST Marcus,SWE,2000-02-05,111.87
200m Freestyle Men,KUKHALASHVILI Luka,GEO,2002-10-17,112.43
200m Freestyle Men,"NAUMENKO Vadym",UKR,2003-01-23,112.92
200m Freestyle Men,SENICA PAVLETIC Primoz,SLO,2001-01-14,112.98
200m Freestyle Men,CACHIA Dylan,MLT,2001-09-15,113.74
200m Freestyle Men,GARGOVIC Ado,MNE,1998-07-15,116.45
200m Freestyle Men,LAVDANITI Zhulian,ALB,2003-03-17,117.91
400m Freestyle Men,MAERTENS Lukas,GER,2001-12-27,221.6
400m Freestyle Men,AUBOECK Felix,AUT,1996-12-19,223.58
400m Freestyle Men,MUEHLLEITNER Henning,GER,1997-07-15,223.67
400m Freestyle Men,DE TULLIO Marco,ITA,2000-09-21,224.14
400m Freestyle Men,DETTI Gabriele,ITA,1994-08-29,224.35
400m Freestyle Men,RAPSYS Danas,LTU,1995-05-21,225.39
400m Freestyle Men,DJAKOVIC Antonio,SUI,2002-10-08,225.82
400m Freestyle Men,GALOSSI Lorenzo,ITA,2006-05-25,225.93
400m Freestyle Men,CIAMPI Matteo,ITA,1996-11-03,226.25
400m Freestyle Men,CHRISTIANSEN Henrik,NOR,1996-10-09,226.87
400m Freestyle Men,ZIRK Kregor,EST,1999-07-03,227.05
400m Freestyle Men,BOUCHAUT Joris,FRA,1995-06-27,227.37
400m Freestyle Men,SCHWARZ Sven,GER,2002-01-31,227.7
400m Freestyle Men,JOHANSSON Victor,SWE,1998-09-13,227.9
400m Freestyle Men,ZOMBORI Gabor,HUN,2002-10-08,227.99
400m Freestyle Men,BIRD Kieran,GBR,1999-09-02,228.55
400m Freestyle Men,MARKOS Dimitrios,GRE,2001-09-13,228.72
400m Freestyle Men,JOENTVEDT Jon,NOR,2003-07-28,228.94
400m Freestyle Men,ROMANCHUK Mykhaylo,UKR,1996-08-07,229.7
400m Freestyle Men,SOLOVEYCHIK Bar,ISR,2000-08-15,229.87
400m Freestyle Men,GADGAARD Mikkel,DEN,1999-05-03,229.93
400m Freestyle Men,HOLLO Balazs,HUN,1999-02-10,230.06
400m Freestyle Men,CHMIELEWSKI Krzysztof,POL,2004-11-18,230.61
400m Freestyle Men,DOMINGUEZ CALONGE Luis,ESP,2003-01-18,230.83
400m Freestyle Men,YANCHEV Yordan,BUL,2001-08-30,231.79
400m Freestyle Men,GARACH BENITO Carlos,ESP,2004-07-25,231.81
400m Freestyle Men,BOSKAN Saso,SLO,2002-12-12,232.24
400m Freestyle Men,KROON Luc,NED,2001-08-30,232.54
400m Freestyle Men,MESZAROS Daniel,HUN,2004-09-27,232.57
400m Freestyle Men,JOLY Damien,FRA,1992-06-04,232.94
400m Freestyle Men,ROMANO Yoav,ISR,2004-06-13,233.35
400m Freestyle Men,GEMOV Ondrej,CZE,1999-06-12,233.8
400m Freestyle Men,HANSON Robin,SWE,2001-04-02,234.48
400m Freestyle Men,"NAGY Richard",SVK,1993-03-09,237.78
400m Freestyle Men,MC GEEVER Finn,IRL,2000-10-20,238.84
400m Freestyle Men,BIANCHI Loris,SMR,2001-08-01,239.54
400m Freestyle Men,CACHIA Dylan,MLT,2001-09-15,240.17
400m Freestyle Men,SENICA PAVLETIC Primoz,SLO,2001-01-14,240.18
400m Freestyle Men,CUSTER Liam,IRL,2004-04-10,241.94
400m Freestyle Men,BRANDENBURGER Pit,LUX,1995-08-06,242.79
400m Freestyle Men,ALEKSI Franc,ALB,1998-11-09,251.45
400m Freestyle Men,POPOVICI David,ROU,2004-09-15,NA
400m Freestyle Men,WILLIAMS Brodie,GBR,1999-03-18,NA
800m Freestyle Men,WELLBROCK Florian,GER,1997-08-19,459.63
800m Freestyle Men,ROMANCHUK Mykhaylo,UKR,1996-08-07,460.05
800m Freestyle Men,PALTRINIERI Gregorio,ITA,1994-09-05,461.19
800m Freestyle Men,MAERTENS Lukas,GER,2001-12-27,461.43
800m Freestyle Men,DETTI Gabriele,ITA,1994-08-29,466.08
800m Freestyle Men,GALOSSI Lorenzo,ITA,2006-05-25,466.28
800m Freestyle Men,SCHWARZ Sven,GER,2002-01-31,466.65
800m Freestyle Men,JOLY Damien,FRA,1992-06-04,467.46
800m Freestyle Men,CHRISTIANSEN Henrik,NOR,1996-10-09,467.99
800m Freestyle Men,KLEMET Oliver,GER,2002-03-18,468.96
800m Freestyle Men,JOHANSSON Victor,SWE,1998-09-13,469.14
800m Freestyle Men,DE TULLIO Luca,ITA,2003-09-21,469.19
800m Freestyle Men,JOENTVEDT Jon,NOR,2003-07-28,472.21
800m Freestyle Men,BOUCHAUT Joris,FRA,1995-06-27,472.85
800m Freestyle Men,MARKOS Dimitrios,GRE,2001-09-13,473.07
800m Freestyle Men,SOLOVEYCHIK Bar,ISR,2000-08-15,475.48
800m Freestyle Men,BIRD Kieran,GBR,1999-09-02,475.95
800m Freestyle Men,CHMIELEWSKI Krzysztof,POL,2004-11-18,476.74
800m Freestyle Men,GARACH BENITO Carlos,ESP,2004-07-25,476.95
800m Freestyle Men,YANCHEV Yordan,BUL,2001-08-30,481.98
800m Freestyle Men,CUSTER Liam,IRL,2004-04-10,486.17
800m Freestyle Men,ROMANO Yoav,ISR,2004-06-13,487.06
800m Freestyle Men,BIANCHI Loris,SMR,2001-08-01,498.04
800m Freestyle Men,ALEKSI Franc,ALB,1998-11-09,NA
1500m Freestyle Men,PALTRINIERI Gregorio,ITA,1994-09-05,872.8
1500m Freestyle Men,WELLBROCK Florian,GER,1997-08-19,876.94
1500m Freestyle Men,ROMANCHUK Mykhaylo,UKR,1996-08-07,879.89
1500m Freestyle Men,MAERTENS Lukas,GER,2001-12-27,880.28
1500m Freestyle Men,KLEMET Oliver,GER,2002-03-18,890.43
1500m Freestyle Men,JOLY Damien,FRA,1992-06-04,893.47
1500m Freestyle Men,ACERENZA Domenico,ITA,1995-01-19,893.84
1500m Freestyle Men,JOHANSSON Victor,SWE,1998-09-13,898.59
1500m Freestyle Men,DE TULLIO Luca,ITA,2003-09-21,900.36
1500m Freestyle Men,GARACH BENITO Carlos,ESP,2004-07-25,900.9
1500m Freestyle Men,BETLEHEM David,HUN,2003-09-04,902.28
1500m Freestyle Men,CHRISTIANSEN Henrik,NOR,1996-10-09,905.19
1500m Freestyle Men,BOUCHAUT Joris,FRA,1995-06-27,906.28
1500m Freestyle Men,MARKOS Dimitrios,GRE,2001-09-13,911.47
1500m Freestyle Men,ROMANO Yoav,ISR,2004-06-13,922.04
1500m Freestyle Men,CUSTER Liam,IRL,2004-04-10,941.17
1500m Freestyle Men,BIANCHI Loris,SMR,2001-08-01,956.47
50m Backstroke Men,CHRISTOU Apostolos,GRE,1996-11-01,24.39
50m Backstroke Men,CECCON Thomas,ITA,2001-01-27,24.46
50m Backstroke Men,MASIUK Ksawery,POL,2004-12-17,24.48
50m Backstroke Men,BRAUNSCHWEIG Ole,GER,1997-11-15,24.58
50m Backstroke Men,LAMBERTI Michele,ITA,2000-11-03,24.75
50m Backstroke Men,NDOYE BROUARD Yohann,FRA,2000-11-29,24.79
50m Backstroke Men,POLEWKA Tomasz,POL,1994-08-05,24.87
50m Backstroke Men,TOMAC Mewen,FRA,2001-09-11,24.87
50m Backstroke Men,LEYTROVSKIY Michael,ISR,1999-08-15,24.96
50m Backstroke Men,STEFANI' Simone,ITA,2000-06-08,25
50m Backstroke Men,SEGURA GUTIERREZ Juan Fr,ESP,1994-08-18,25.09
50m Backstroke Men,SEELIGER Bjoern,SWE,2000-01-11,25.1
50m Backstroke Men,FRANKE Pawel,POL,1999-10-05,25.16
50m Backstroke Men,MORA Lorenzo,ITA,1998-09-30,25.17
50m Backstroke Men,SPANOUDAKIS Georgios,GRE,1994-08-05,25.19
50m Backstroke Men,CEJKA Jan,CZE,2001-05-29,25.2
50m Backstroke Men,MARSHALL Jonathon C,GBR,2004-11-15,25.21
50m Backstroke Men,FRANTA Tomas,CZE,1998-04-18,25.22
50m Backstroke Men,REITSHAMMER Bernhard,AUT,1994-06-17,25.29
50m Backstroke Men,STOKOWSKI Kacper,POL,1999-01-06,25.29
50m Backstroke Men,SOMERSET Sebastian,GBR,2001-01-15,25.3
50m Backstroke Men,ANDREOPOULOS Theodoros,GRE,2002-02-10,25.31
50m Backstroke Men,DANZIGER Inbar,ISR,2004-01-01,25.32
50m Backstroke Men,MAKRYGIANNIS Evangelos,GRE,2000-06-18,25.32
50m Backstroke Men,MITYUKOV Roman,SUI,2000-07-30,25.34
50m Backstroke Men,BUCHER Simon,AUT,2000-05-23,25.37
50m Backstroke Men,ANGHEL Andrei Mircea,ROU,1998-07-17,25.42
50m Backstroke Men,MARAANA Adam,ISR,2003-07-07,25.44
50m Backstroke Men,ZAITSEV Daniel,EST,1997-12-13,25.44
50m Backstroke Men,GARCIA SAIZ Nicolas,ESP,2002-06-18,25.5
50m Backstroke Men,COSTA Joao Nogueira,POR,2001-08-06,25.51
50m Backstroke Men,GERCHIK David,ISR,2001-02-20,25.52
50m Backstroke Men,KOVACS Benedek,HUN,1998-05-18,25.53
50m Backstroke Men,ADAM Jonathon,GBR,2002-01-06,25.63
50m Backstroke Men,ZHELTYAKOV Oleksandr,UKR,2005-11-15,25.72
50m Backstroke Men,HERLEM Antoine,FRA,1999-05-19,25.9
50m Backstroke Men,SANTOS Francisco Rogerio,POR,1998-09-05,25.91
50m Backstroke Men,LEVTEROV Kaloyan,BUL,2003-02-08,26.04
50m Backstroke Men,IAKOVIDIS Filippos,CYP,1998-04-14,26.15
50m Backstroke Men,FABIANI Remi,LUX,2001-11-13,26.17
50m Backstroke Men,LIE Markus,NOR,1995-06-21,26.2
50m Backstroke Men,LENTZ Frederik Riedel,DEN,2001-10-25,26.27
50m Backstroke Men,GRIGAITIS Erikas,LTU,2002-12-21,26.32
50m Backstroke Men,AHTIAINEN Alex,EST,2001-01-27,26.42
50m Backstroke Men,HOFF Oskar,SWE,1998-12-13,26.77
50m Backstroke Men,FERS ERZEN Anze,SLO,1999-03-03,27.57
50m Backstroke Men,KOKKO Olli,FIN,1994-04-18,27.79
50m Backstroke Men,WAREING Thomas,MLT,1999-11-09,27.99
50m Backstroke Men,RUCI Ared,ALB,2002-11-13,30.57
50m Backstroke Men,MUJA Martin,KOS,2004-06-04,NA
50m Backstroke Men,RYAN Shane,IRL,1994-01-27,NA
50m Backstroke Men,SHKURTI Kevin,ALB,2004-02-25,NA
100m Backstroke Men,CECCON Thomas,ITA,2001-01-27,51.6
100m Backstroke Men,CHRISTOU Apostolos,GRE,1996-11-01,52.09
100m Backstroke Men,NDOYE BROUARD Yohann,FRA,2000-11-29,52.5
100m Backstroke Men,MASIUK Ksawery,POL,2004-12-17,52.58
100m Backstroke Men,TOMAC Mewen,FRA,2001-09-11,52.86
100m Backstroke Men,LEYTROVSKIY Michael,ISR,1999-08-15,53.84
100m Backstroke Men,MITYUKOV Roman,SUI,2000-07-30,53.87
100m Backstroke Men,COSTA Joao Nogueira,POR,2001-08-06,53.88
100m Backstroke Men,BRAUNSCHWEIG Ole,GER,1997-11-15,53.94
100m Backstroke Men,ZHELTYAKOV Oleksandr,UKR,2005-11-15,53.98
100m Backstroke Men,STOKOWSKI Kacper,POL,1999-01-06,53.99
100m Backstroke Men,CEJKA Jan,CZE,2001-05-29,54.03
100m Backstroke Men,MAKRYGIANNIS Evangelos,GRE,2000-06-18,54.06
100m Backstroke Men,RYAN Shane,IRL,1994-01-27,54.11
100m Backstroke Men,LAMBERTI Michele,ITA,2000-11-03,54.14
100m Backstroke Men,KOVACS Benedek,HUN,1998-05-18,54.18
100m Backstroke Men,FRANTA Tomas,CZE,1998-04-18,54.21
100m Backstroke Men,SANTOS Francisco Rogerio,POR,1998-09-05,54.35
100m Backstroke Men,RESTIVO Matteo,ITA,1994-11-04,54.39
100m Backstroke Men,MARSHALL Jonathon C,GBR,2004-11-15,54.42
100m Backstroke Men,MORA Lorenzo,ITA,1998-09-30,54.44
100m Backstroke Men,WILLIAMS Brodie,GBR,1999-03-18,54.48
100m Backstroke Men,MARAANA Adam,ISR,2003-07-07,54.54
100m Backstroke Men,ADAM Jonathon,GBR,2002-01-06,54.58
100m Backstroke Men,SOMERSET Sebastian,GBR,2001-01-15,54.86
100m Backstroke Men,HERLEM Antoine,FRA,1999-05-19,54.88
100m Backstroke Men,SPANOUDAKIS Georgios,GRE,1994-08-05,54.91
100m Backstroke Men,GARCIA SAIZ Nicolas,ESP,2002-06-18,54.97
100m Backstroke Men,DANZIGER Inbar,ISR,2004-01-01,55.01
100m Backstroke Men,LELLE Armin Evert,EST,1999-06-21,55.21
100m Backstroke Men,GRIGAITIS Erikas,LTU,2002-12-21,55.22
100m Backstroke Men,POLEWKA Tomasz,POL,1994-08-05,55.24
100m Backstroke Men,LIE Markus,NOR,1995-06-21,55.3
100m Backstroke Men,LEVTEROV Kaloyan,BUL,2003-02-08,55.44
100m Backstroke Men,MIRA ALBALADEJO Diego,ESP,2001-09-05,55.52
100m Backstroke Men,FRANKE Pawel,POL,1999-10-05,55.53
100m Backstroke Men,BOSKAN Saso,SLO,2002-12-12,55.57
100m Backstroke Men,GERCHIK David,ISR,2001-02-20,55.66
100m Backstroke Men,ANDREOPOULOS Theodoros,GRE,2002-02-10,55.75
100m Backstroke Men,MANNES Max,LUX,1997-11-19,55.83
100m Backstroke Men,LIESS Nils,SUI,1996-08-24,56.13
100m Backstroke Men,ANGHEL Andrei Mircea,ROU,1998-07-17,56.53
100m Backstroke Men,SENICA PAVLETIC Primoz,SLO,2001-01-14,56.77
100m Backstroke Men,CACHIA Dylan,MLT,2001-09-15,59.92
100m Backstroke Men,MUJA Martin,KOS,2004-06-04,NA
100m Backstroke Men,RUCI Ared,ALB,2002-11-13,NA
100m Backstroke Men,SHKURTI Kevin,ALB,2004-02-25,NA
200m Backstroke Men,GREENBANK Luke,GBR,1997-09-17,114.43
200m Backstroke Men,TELEGDY Adam,HUN,1995-11-01,116.15
200m Backstroke Men,WILLIAMS Brodie,GBR,1999-03-18,116.16
200m Backstroke Men,MITYUKOV Roman,SUI,2000-07-30,116.33
200m Backstroke Men,GARCIA SAIZ Nicolas,ESP,2002-06-18,116.35
200m Backstroke Men,TOMAC Mewen,FRA,2001-09-11,116.35
200m Backstroke Men,NDOYE BROUARD Yohann,FRA,2000-11-29,116.37
200m Backstroke Men,HERLEM Antoine,FRA,1999-05-19,116.42
200m Backstroke Men,RESTIVO Matteo,ITA,1994-11-04,116.59
200m Backstroke Men,CEJKA Jan,CZE,2001-05-29,116.66
200m Backstroke Men,MAERTENS Lukas,GER,2001-12-27,116.97
200m Backstroke Men,SANTOS Francisco Rogerio,POR,1998-09-05,117.06
200m Backstroke Men,KOVACS Benedek,HUN,1998-05-18,117.12
200m Backstroke Men,ZHELTYAKOV Oleksandr,UKR,2005-11-15,117.18
200m Backstroke Men,MORA Lorenzo,ITA,1998-09-30,117.35
200m Backstroke Men,KOS Hubert,HUN,2003-03-28,117.64
200m Backstroke Men,COSTA Joao Nogueira,POR,2001-08-06,118.58
200m Backstroke Men,LEVTEROV Kaloyan,BUL,2003-02-08,118.96
200m Backstroke Men,SISKOS Apostolos,GRE,2005-06-24,118.96
200m Backstroke Men,MAKRYGIANNIS Evangelos,GRE,2000-06-18,119.25
200m Backstroke Men,GERCHIK David,ISR,2001-02-20,119.74
200m Backstroke Men,MATTENET Emilien,FRA,2000-11-08,119.79
200m Backstroke Men,SENICA PAVLETIC Primoz,SLO,2001-01-14,119.79
200m Backstroke Men,GRIGAITIS Erikas,LTU,2002-12-21,119.92
200m Backstroke Men,"NAUMENKO Vadym",UKR,2003-01-23,120.3
200m Backstroke Men,FERS ERZEN Anze,SLO,1999-03-03,120.35
200m Backstroke Men,MIRA ALBALADEJO Diego,ESP,2001-09-05,120.45
200m Backstroke Men,DANZIGER Inbar,ISR,2004-01-01,120.91
200m Backstroke Men,FRANTA Tomas,CZE,1998-04-18,123.19
200m Backstroke Men,MARAANA Adam,ISR,2003-07-07,123.67
200m Backstroke Men,LAVDANITI Zhulian,ALB,2003-03-17,126.77
200m Backstroke Men,CHMIELEWSKI Michal,POL,2004-11-18,127.07
200m Backstroke Men,SHKURTI Kevin,ALB,2004-02-25,NA
200m Backstroke Men,WILBY Mason J,GBR,1999-11-18,NA
50m Breaststroke Men,MARTINENGHI Nicolo',ITA,1999-08-01,26.48
50m Breaststroke Men,KOZAKIEWICZ Jan,POL,1996-02-24,26.82
50m Breaststroke Men,CERASUOLO Simone,ITA,2003-06-22,26.85
50m Breaststroke Men,REITSHAMMER Bernhard,AUT,1994-06-17,26.94
50m Breaststroke Men,SCOZZOLI Fabio,ITA,1988-08-03,26.97
50m Breaststroke Men,MATZERATH Lucas,GER,2000-05-03,26.99
50m Breaststroke Men,PITSHUGIN Kristian,ISR,2001-07-18,27.07
50m Breaststroke Men,WILBY James,GBR,1993-11-12,27.16
50m Breaststroke Men,POGGIO Federico,ITA,1998-04-24,27.23
50m Breaststroke Men,STEVENS Peter John,SLO,1995-06-01,27.32
50m Breaststroke Men,SIDLAUSKAS Andrius,LTU,1997-04-06,27.39
50m Breaststroke Men,LIA Nicholas,NOR,2001-02-13,27.41
50m Breaststroke Men,BRATHEN Joergen,NOR,1995-04-05,27.54
50m Breaststroke Men,ASPOUGALIS Arkadios-Geor,GRE,2001-02-21,27.55
50m Breaststroke Men,BUTLER Gregory,GBR,2000-12-31,27.59
50m Breaststroke Men,KOKKO Olli,FIN,1994-04-18,27.6
50m Breaststroke Men,LISOVETS' Volodymyr,UKR,2004-05-30,27.62
50m Breaststroke Men,SABEV Tonislav,BUL,2002-12-13,27.63
50m Breaststroke Men,ZIVANOVIC Uros,SRB,2005-06-30,27.64
50m Breaststroke Men,GIGLER Heiko,AUT,1996-06-17,27.65
50m Breaststroke Men,MERETSOLIAS Konstantinos,GRE,1998-08-23,27.65
50m Breaststroke Men,AITKACI Carl,FRA,2001-06-08,27.66
50m Breaststroke Men,SKORA Bartosz,POL,2003-08-05,27.68
50m Breaststroke Men,VIQUERAT Antoine,FRA,1998-10-05,27.68
50m Breaststroke Men,BAYER Valentin,AUT,1999-11-08,27.77
50m Breaststroke Men,HAARSAKER Christoffer To,NOR,1993-05-03,27.86
50m Breaststroke Men,CORBY Eoin,IRL,2002-01-16,27.99
50m Breaststroke Men,OVCHINNIKOV Maksym,UKR,2003-05-18,27.99
50m Breaststroke Men,RAEISAENEN Daniel,SWE,1999-01-03,28.05
50m Breaststroke Men,EPITROPOV Lyubomir E,BUL,1999-04-27,28.13
50m Breaststroke Men,GREENE Darragh,IRL,1995-10-20,28.15
50m Breaststroke Men,LIUKKONEN Ari-Pekka,FIN,1989-02-09,28.2
50m Breaststroke Men,IAKOVIDIS Markos,CYP,2000-09-28,28.22
50m Breaststroke Men,PANARETOS Panayiotis,CYP,2002-04-20,28.22
50m Breaststroke Men,THOMOGLOU Savvas,GRE,2001-11-09,28.31
50m Breaststroke Men,MALACHI Constantin,MDA,1997-04-11,28.43
50m Breaststroke Men,ZABOJNIK Matej,CZE,2000-08-03,28.53
50m Breaststroke Men,HOFF Oskar,SWE,1998-12-13,28.6
50m Breaststroke Men,MLADENOVIC Luka,AUT,2004-05-27,28.6
50m Breaststroke Men,SAVICKAS Aleksas,LTU,2003-01-13,28.63
50m Breaststroke Men,HASSLING Emil,SWE,2000-06-24,28.7
50m Breaststroke Men,TKACHUK Maksym,UKR,2003-07-04,28.94
50m Breaststroke Men,SVET Denis,MDA,2004-03-14,29.11
50m Breaststroke Men,KYZYMENKO David,UKR,2004-10-05,29.13
50m Breaststroke Men,BOBROVS Daniils,LAT,1997-10-08,29.15
50m Breaststroke Men,ERADZE Luka,GEO,2002-06-27,29.18
50m Breaststroke Men,CASADEI Giacomo,SMR,2002-05-23,29.4
50m Breaststroke Men,STAFRACE Raoul,MLT,1996-07-16,30.59
100m Breaststroke Men,KAMMINGA Arno,NED,1995-10-22,57.8
100m Breaststroke Men,MARTINENGHI Nicolo',ITA,1999-08-01,58.26
100m Breaststroke Men,WILBY James,GBR,1993-11-12,58.58
100m Breaststroke Men,SIDLAUSKAS Andrius,LTU,1997-04-06,59.3
100m Breaststroke Men,MATZERATH Lucas,GER,2000-05-03,59.31
100m Breaststroke Men,POGGIO Federico,ITA,1998-04-24,59.33
100m Breaststroke Men,CORBY Eoin,IRL,2002-01-16,59.99
100m Breaststroke Men,MATTSSON Matti,FIN,1993-10-05,59.99
100m Breaststroke Men,REITSHAMMER Bernhard,AUT,1994-06-17,60.03
100m Breaststroke Men,BUTLER Gregory,GBR,2000-12-31,60.04
100m Breaststroke Men,CASTELLO Andrea,ITA,1998-08-29,60.06
100m Breaststroke Men,CERASUOLO Simone,ITA,2003-06-22,60.08
100m Breaststroke Men,BAYER Valentin,AUT,1999-11-08,60.14
100m Breaststroke Men,GREENE Darragh,IRL,1995-10-20,60.2
100m Breaststroke Men,LISOVETS' Volodymyr,UKR,2004-05-30,60.28
100m Breaststroke Men,DESPLANCHES Jeremy,SUI,1994-08-07,60.29
100m Breaststroke Men,PITSHUGIN Kristian,ISR,2001-07-18,60.33
100m Breaststroke Men,RAEISAENEN Daniel,SWE,1999-01-03,60.36
100m Breaststroke Men,KOZAKIEWICZ Jan,POL,1996-02-24,60.38
100m Breaststroke Men,VIQUERAT Antoine,FRA,1998-10-05,60.49
100m Breaststroke Men,WIEKIERA Dawid,POL,2002-11-04,60.51
100m Breaststroke Men,SABEV Tonislav,BUL,2002-12-13,60.61
100m Breaststroke Men,ROTHBAUER Christopher,AUT,1998-01-29,60.63
100m Breaststroke Men,EPITROPOV Lyubomir E,BUL,1999-04-27,60.7
100m Breaststroke Men,AITKACI Carl,FRA,2001-06-08,60.77
100m Breaststroke Men,MCKEE Anton Sveinn,ISL,1993-12-18,60.8
100m Breaststroke Men,MERETSOLIAS Konstantinos,GRE,1998-08-23,60.83
100m Breaststroke Men,ZABOJNIK Matej,CZE,2000-08-03,60.89
100m Breaststroke Men,THOMOGLOU Savvas,GRE,2001-11-09,61.1
100m Breaststroke Men,SAVICKAS Aleksas,LTU,2003-01-13,61.29
100m Breaststroke Men,ASPOUGALIS Arkadios-Geor,GRE,2001-02-21,61.55
100m Breaststroke Men,MLADENOVIC Luka,AUT,2004-05-27,61.55
100m Breaststroke Men,TKACHUK Maksym,UKR,2003-07-04,61.55
100m Breaststroke Men,HAARSAKER Christoffer To,NOR,1993-05-03,61.65
100m Breaststroke Men,SKORA Bartosz,POL,2003-08-05,61.68
100m Breaststroke Men,ZIVANOVIC Uros,SRB,2005-06-30,61.69
100m Breaststroke Men,PANARETOS Panayiotis,CYP,2002-04-20,61.7
100m Breaststroke Men,OVCHINNIKOV Maksym,UKR,2003-05-18,61.76
100m Breaststroke Men,KOKKO Olli,FIN,1994-04-18,61.93
100m Breaststroke Men,BRATHEN Joergen,NOR,1995-04-05,62.4
100m Breaststroke Men,KYZYMENKO David,UKR,2004-10-05,62.41
100m Breaststroke Men,BOBROVS Daniils,LAT,1997-10-08,62.76
100m Breaststroke Men,MALACHI Constantin,MDA,1997-04-11,63.08
100m Breaststroke Men,SVET Denis,MDA,2004-03-14,63.64
100m Breaststroke Men,CASADEI Giacomo,SMR,2002-05-23,64.07
100m Breaststroke Men,ERADZE Luka,GEO,2002-06-27,65.16
100m Breaststroke Men,HASSLING Emil,SWE,2000-06-24,65.69
100m Breaststroke Men,QARRI Even,ALB,2003-10-23,69.88
100m Breaststroke Men,KOLA Endi,ALB,2006-01-30,70.53999999999999
200m Breaststroke Men,KAMMINGA Arno,NED,1995-10-22,127.01
200m Breaststroke Men,MATTSSON Matti,FIN,1993-10-05,127.13
200m Breaststroke Men,WILBY James,GBR,1993-11-12,127.91
200m Breaststroke Men,MCKEE Anton Sveinn,ISL,1993-12-18,128.74
200m Breaststroke Men,SIDLAUSKAS Andrius,LTU,1997-04-06,129.2
200m Breaststroke Men,VIQUERAT Antoine,FRA,1998-10-05,129.54
200m Breaststroke Men,EPITROPOV Lyubomir E,BUL,1999-04-27,129.68
200m Breaststroke Men,WIEKIERA Dawid,POL,2002-11-04,129.99
200m Breaststroke Men,PIZZINI Luca,ITA,1989-04-08,130.12
200m Breaststroke Men,ZABOJNIK Matej,CZE,2000-08-03,130.4
200m Breaststroke Men,ROTHBAUER Christopher,AUT,1998-01-29,130.79
200m Breaststroke Men,CASTELLO Andrea,ITA,1998-08-29,130.96
200m Breaststroke Men,GREENE Darragh,IRL,1995-10-20,131.09
200m Breaststroke Men,CORBY Eoin,IRL,2002-01-16,131.34
200m Breaststroke Men,BUTLER Gregory,GBR,2000-12-31,131.52
200m Breaststroke Men,RAEISAENEN Daniel,SWE,1999-01-03,131.63
200m Breaststroke Men,THOMOGLOU Savvas,GRE,2001-11-09,131.67
200m Breaststroke Men,COLL MARTI Carles,ESP,2001-10-15,131.91
200m Breaststroke Men,POLONSKY Ron,ISR,2001-03-28,132.49
200m Breaststroke Men,MLADENOVIC Luka,AUT,2004-05-27,133.21
200m Breaststroke Men,OVCHINNIKOV Maksym,UKR,2003-05-18,133.33
200m Breaststroke Men,SAVICKAS Aleksas,LTU,2003-01-13,133.35
200m Breaststroke Men,ZOMBORI Gabor,HUN,2002-10-08,133.58
200m Breaststroke Men,HAARSAKER Christoffer To,NOR,1993-05-03,133.64
200m Breaststroke Men,LOPES Gabriel Jose,POR,1997-05-15,133.64
200m Breaststroke Men,TKACHUK Maksym,UKR,2003-07-04,133.75
200m Breaststroke Men,BOBROVS Daniils,LAT,1997-10-08,133.96
200m Breaststroke Men,KYZYMENKO David,UKR,2004-10-05,134.46
200m Breaststroke Men,VERRASZTO David,HUN,1988-08-22,136.14
200m Breaststroke Men,MALACHI Constantin,MDA,1997-04-11,136.25
200m Breaststroke Men,LULEK William,SWE,1998-05-23,136.84
200m Breaststroke Men,SVET Denis,MDA,2004-03-14,137.47
200m Breaststroke Men,CASADEI Giacomo,SMR,2002-05-23,139.81
200m Breaststroke Men,QARRI Even,ALB,2003-10-23,152.07
50m Butterfly Men,PROUD Benjamin,GBR,1994-09-21,22.76
50m Butterfly Men,CECCON Thomas,ITA,2001-01-27,22.79
50m Butterfly Men,SZABO Szebasztian,HUN,1996-03-11,22.91
50m Butterfly Men,GOVOROV Andriy,UKR,1992-04-10,22.97
50m Butterfly Men,PONTI Noe,SUI,2001-06-01,23.04
50m Butterfly Men,GROUSSET Maxime,FRA,1999-09-24,23.07
50m Butterfly Men,CZERNIAK Konrad,POL,1989-06-11,23.09
50m Butterfly Men,KORSTANJE Nyls,NED,1999-02-05,23.14
50m Butterfly Men,BUCHER Simon,AUT,2000-05-23,23.18
50m Butterfly Men,VERHOEVEN Thomas,NED,1997-04-18,23.22
50m Butterfly Men,RIBEIRO Diogo Matos,POR,2004-10-27,23.28
50m Butterfly Men,SMOLINSKI Pawel,POL,2001-10-10,23.32
50m Butterfly Men,LIA Nicholas,NOR,2001-02-13,23.33
50m Butterfly Men,CODIA Piero,ITA,1989-10-22,23.35
50m Butterfly Men,CHERUTI Meiron Amir,ISR,1997-10-19,23.38
50m Butterfly Men,GARGANI Lorenzo,ITA,2000-03-14,23.38
50m Butterfly Men,ZAITSEV Daniel,EST,1997-12-13,23.38
50m Butterfly Men,OSTROWSKI Karol,POL,1999-09-02,23.43
50m Butterfly Men,MCCUSKER Max,IRL,1999-09-11,23.44
50m Butterfly Men,BUKHOV Vladyslav,UKR,2002-07-05,23.47
50m Butterfly Men,PETERS Jacob,GBR,2000-08-20,23.47
50m Butterfly Men,MAJERSKI Jakub,POL,2000-08-18,23.49
50m Butterfly Men,SEFL Jan,CZE,1990-05-10,23.53
50m Butterfly Men,PIRON Thomas,FRA,2000-08-28,23.54
50m Butterfly Men,HENX Julien,LUX,1995-06-20,23.55
50m Butterfly Men,HOFF Oskar,SWE,1998-12-13,23.55
50m Butterfly Men,MILADINOV Josif,BUL,2003-06-23,23.59
50m Butterfly Men,RIVOLTA Matteo,ITA,1991-11-16,23.59
50m Butterfly Men,BEROL Julien,FRA,2001-09-09,23.6
50m Butterfly Men,GKOLOMEEV Kristian,GRE,1993-07-04,23.61
50m Butterfly Men,LOZANO MATEOS Alberto,ESP,1998-08-18,23.64
50m Butterfly Men,MOLLA YANES Mario,ESP,2002-04-13,23.7
50m Butterfly Men,BILAS Stergios-Marios,GRE,2001-11-21,23.71
50m Butterfly Men,SIMONS Kenzo,NED,2001-04-13,23.74
50m Butterfly Men,NIEWOLD Sean,NED,2002-04-20,23.77
50m Butterfly Men,HANSEN Tobias Dan,DEN,2002-01-01,23.81
50m Butterfly Men,SECCHI Clement,FRA,2000-05-04,23.84
50m Butterfly Men,PAPADOPOULOS Christos,GRE,1997-02-01,23.92
50m Butterfly Men,HALAS Adam,SVK,1998-08-02,23.94
50m Butterfly Men,GIGLER Heiko,AUT,1996-06-17,23.96
50m Butterfly Men,NESTERKIN Valentyn,UKR,2001-02-14,23.97
50m Butterfly Men,MUNK Julius,DEN,2000-03-06,24.04
50m Butterfly Men,HYLAND Brendan,IRL,1994-09-23,24.07
50m Butterfly Men,MILJENIC Nikola,CRO,1998-05-19,24.09
50m Butterfly Men,STAMOU Konstantinos Emma,GRE,2003-07-10,24.09
50m Butterfly Men,LOMERO ARENAS Bernat,AND,1997-12-28,24.33
50m Butterfly Men,AHTIAINEN Alex,EST,2001-01-27,24.36
50m Butterfly Men,LIUKKONEN Ari-Pekka,FIN,1989-02-09,24.39
50m Butterfly Men,MATIC Djurdje,SRB,2000-07-05,24.45
50m Butterfly Men,LOMERO ARENAS Tomas,AND,2001-07-05,24.47
50m Butterfly Men,LINDEBLAD Malthe,DEN,2001-01-01,24.48
50m Butterfly Men,FRANTA Tomas,CZE,1998-04-18,24.54
50m Butterfly Men,BARSEGHYAN Artur,ARM,2002-03-29,24.62
50m Butterfly Men,STATKEVICIUS Simon E,ISL,2003-12-24,24.75
50m Butterfly Men,IVANOV Antani A,BUL,1999-07-17,24.97
50m Butterfly Men,SPITERI Rudi,MLT,2002-04-16,25.4
50m Butterfly Men,REBOSIO Alessandro,SMR,2004-04-07,25.65
50m Butterfly Men,KUKHALASHVILI Luka,GEO,2002-10-17,25.77
50m Butterfly Men,UJKASHEJ Drini,ALB,2005-06-13,29.48
50m Butterfly Men,KHNYKIN Oleksii,UKR,1999-05-02,NA
50m Butterfly Men,VALIZADA Ramil,AZE,2004-02-16,NA
100m Butterfly Men,MILAK Kristof,HUN,2000-02-20,49.68
100m Butterfly Men,PONTI Noe,SUI,2001-06-01,50.74
100m Butterfly Men,MAJERSKI Jakub,POL,2000-08-18,50.92
100m Butterfly Men,MILADINOV Josif,BUL,2003-06-23,50.93
100m Butterfly Men,BUCHER Simon,AUT,2000-05-23,51.18
100m Butterfly Men,BURDISSO Federico,ITA,2001-09-20,51.39
100m Butterfly Men,KORSTANJE Nyls,NED,1999-02-05,51.41
100m Butterfly Men,PETERS Jacob,GBR,2000-08-20,51.5
100m Butterfly Men,CODIA Piero,ITA,1989-10-22,51.65
100m Butterfly Men,RIVOLTA Matteo,ITA,1991-11-16,51.66
100m Butterfly Men,KOS Hubert,HUN,2003-03-28,51.88
100m Butterfly Men,SEFL Jan,CZE,1990-05-10,51.89
100m Butterfly Men,IVANOV Antani A,BUL,1999-07-17,51.93
100m Butterfly Men,JASKIEWICZ Adrian,POL,2002-12-02,52.11
100m Butterfly Men,ZAITSEV Daniel,EST,1997-12-13,52.23
100m Butterfly Men,MILDRED Edward,GBR,2003-04-10,52.26
100m Butterfly Men,RIBEIRO Diogo Matos,POR,2004-10-27,52.31
100m Butterfly Men,SECCHI Clement,FRA,2000-05-04,52.31
100m Butterfly Men,LOZANO MATEOS Alberto,ESP,1998-08-18,52.37
100m Butterfly Men,MILJENIC Nikola,CRO,1998-05-19,52.38
100m Butterfly Men,RYAN Shane,IRL,1994-01-27,52.52
100m Butterfly Men,GARGANI Lorenzo,ITA,2000-03-14,52.63
100m Butterfly Men,MCCUSKER Max,IRL,1999-09-11,52.63
100m Butterfly Men,AHTIAINEN Alex,EST,2001-01-27,52.73
100m Butterfly Men,KAMMANN Bjoern,GER,2001-04-30,52.77
100m Butterfly Men,STAMOU Konstantinos Emma,GRE,2003-07-10,52.77
100m Butterfly Men,MATIC Djurdje,SRB,2000-07-05,52.82
100m Butterfly Men,ZIRK Kregor,EST,1999-07-03,52.82
100m Butterfly Men,MOLLA YANES Mario,ESP,2002-04-13,52.83
100m Butterfly Men,CHOWANIEC Mateusz,POL,2003-10-03,52.86
100m Butterfly Men,VAZAIOS Andreas,GRE,1994-05-09,52.95
100m Butterfly Men,HYLAND Brendan,IRL,1994-09-23,53.13
100m Butterfly Men,HOFF Oskar,SWE,1998-12-13,53.24
100m Butterfly Men,LELLE Armin Evert,EST,1999-06-21,53.46
100m Butterfly Men,GONZALEZ ALVAREZ Arbidel,ESP,2002-08-31,53.5
100m Butterfly Men,KESIL' Denys,UKR,2000-10-26,53.51
100m Butterfly Men,CHMIELEWSKI Michal,POL,2004-11-18,53.54
100m Butterfly Men,ANDREOPOULOS Theodoros,GRE,2002-02-10,53.68
100m Butterfly Men,NESTERKIN Valentyn,UKR,2001-02-14,53.69
100m Butterfly Men,MUNK Julius,DEN,2000-03-06,53.86
100m Butterfly Men,HALAS Adam,SVK,1998-08-02,53.88
100m Butterfly Men,KHNYKIN Oleksii,UKR,1999-05-02,54.04
100m Butterfly Men,HANSEN Tobias Dan,DEN,2002-01-01,54.1
100m Butterfly Men,PIRON Thomas,FRA,2000-08-28,54.28
100m Butterfly Men,MITSIN Petar,BUL,2005-08-19,54.51
100m Butterfly Men,BARSEGHYAN Artur,ARM,2002-03-29,54.62
100m Butterfly Men,GEMOV Ondrej,CZE,1999-06-12,54.69
100m Butterfly Men,WILBY Mason J,GBR,1999-11-18,55.02
100m Butterfly Men,LOMERO ARENAS Tomas,AND,2001-07-05,55.04
100m Butterfly Men,HASSLING Emil,SWE,2000-06-24,55.18
100m Butterfly Men,LOMERO ARENAS Bernat,AND,1997-12-28,55.71
100m Butterfly Men,STATKEVICIUS Simon E,ISL,2003-12-24,55.9
100m Butterfly Men,KERMANS Ronens,LAT,2004-04-15,56.17
100m Butterfly Men,REBOSIO Alessandro,SMR,2004-04-07,56.42
100m Butterfly Men,KOLA Endi,ALB,2006-01-30,59.75
200m Butterfly Men,MILAK Kristof,HUN,2000-02-20,110.34
200m Butterfly Men,PONTI Noe,SUI,2001-06-01,114.2
200m Butterfly Men,BURDISSO Federico,ITA,2001-09-20,114.28
200m Butterfly Men,IVANOV Antani A,BUL,1999-07-17,114.5
200m Butterfly Men,RAZZETTI Alberto,ITA,1999-06-02,114.87
200m Butterfly Men,CHMIELEWSKI Krzysztof,POL,2004-11-18,115.01
200m Butterfly Men,CARINI Giacomo,ITA,1997-07-02,115.33
200m Butterfly Men,ZIRK Kregor,EST,1999-07-03,115.62
200m Butterfly Men,MARTON Richard,HUN,1999-10-07,116.23
200m Butterfly Men,KESIL' Denys,UKR,2000-10-26,116.37
200m Butterfly Men,CHMIELEWSKI Michal,POL,2004-11-18,116.66
200m Butterfly Men,ZUBIK Jan,POL,2003-12-14,116.96
200m Butterfly Men,FARACI Claudio Antonino,ITA,2001-02-05,117.09
200m Butterfly Men,WILBY Mason J,GBR,1999-11-18,117.31
200m Butterfly Men,GEMOV Ondrej,CZE,1999-06-12,117.7
200m Butterfly Men,GONZALEZ ALVAREZ Arbidel,ESP,2002-08-31,117.79
200m Butterfly Men,PONS RAMON Joan Lluis,ESP,1996-12-09,117.79
200m Butterfly Men,MILDRED Edward,GBR,2003-04-10,118
200m Butterfly Men,MITSIN Petar,BUL,2005-08-19,118.46
200m Butterfly Men,VERRASZTO David,HUN,1988-08-22,118.69
200m Butterfly Men,JOENTVEDT Jon,NOR,2003-07-28,118.9
200m Butterfly Men,JASKIEWICZ Adrian,POL,2002-12-02,119.39
200m Butterfly Men,SISKOS Apostolos,GRE,2005-06-24,120.03
200m Butterfly Men,TOSCAN Marius,SUI,2002-01-17,120.15
200m Butterfly Men,"NAGY Richard",SVK,1993-03-09,120.83
200m Butterfly Men,CUSTER Liam,IRL,2004-04-10,121.09
200m Butterfly Men,MC GEEVER Finn,IRL,2000-10-20,121.98
200m Butterfly Men,REBOSIO Alessandro,SMR,2004-04-07,126.18
200m Individual Medley Men,DESPLANCHES Jeremy,SUI,1994-08-07,116.17
200m Individual Medley Men,DEAN Thomas,GBR,2000-05-02,116.77
200m Individual Medley Men,KOS Hubert,HUN,2003-03-28,116.99
200m Individual Medley Men,RAZZETTI Alberto,ITA,1999-06-02,117.25
200m Individual Medley Men,POLONSKY Ron,ISR,2001-03-28,117.99
200m Individual Medley Men,VAZAIOS Andreas,GRE,1994-05-09,118.35
200m Individual Medley Men,LOPES Gabriel Jose,POR,1997-05-15,118.56
200m Individual Medley Men,REITSHAMMER Bernhard,AUT,1994-06-17,119.56
200m Individual Medley Men,TESIC Enzo,FRA,2000-01-07,119.68
200m Individual Medley Men,MATTEAZZI Pier Andrea,ITA,1997-12-05,120.24
200m Individual Medley Men,COLL MARTI Carles,ESP,2001-10-15,120.3
200m Individual Medley Men,"NAUMENKO Vadym",UKR,2003-01-23,120.65
200m Individual Medley Men,MATTENET Emilien,FRA,2000-11-08,121.23
200m Individual Medley Men,BEN SHITRIT Eitan,ISR,2003-06-02,121.81
200m Individual Medley Men,GIOURTZIDIS Daniil,GRE,2002-12-16,122.14
200m Individual Medley Men,LULEK William,SWE,1998-05-23,123.25
200m Individual Medley Men,"NAGY Richard",SVK,1993-03-09,123.35
200m Individual Medley Men,HASSLING Emil,SWE,2000-06-24,123.53
200m Individual Medley Men,CORBY Eoin,IRL,2002-01-16,123.56
200m Individual Medley Men,JABLCNIK Frantisek,SVK,2003-10-23,123.58
200m Individual Medley Men,FERS ERZEN Anze,SLO,1999-03-03,123.79
200m Individual Medley Men,MLADENOVIC Luka,AUT,2004-05-27,123.79
200m Individual Medley Men,ZUBIK Jan,POL,2003-12-14,125.62
200m Individual Medley Men,TOSCAN Marius,SUI,2002-01-17,125.86
200m Individual Medley Men,KERMANS Ronens,LAT,2004-04-15,126.52
200m Individual Medley Men,CUSTER Liam,IRL,2004-04-10,127.1
200m Individual Medley Men,GERGELY Mihai,ROU,2003-01-26,127.14
200m Individual Medley Men,WAREING Thomas,MLT,1999-11-09,127.95
200m Individual Medley Men,LAVDANITI Zhulian,ALB,2003-03-17,128.7
200m Individual Medley Men,KOLA Endi,ALB,2006-01-30,139.38
400m Individual Medley Men,VERRASZTO David,HUN,1988-08-22,249.57
400m Individual Medley Men,RAZZETTI Alberto,ITA,1999-06-02,249.91
400m Individual Medley Men,PONS RAMON Joan Lluis,ESP,1996-12-09,252.67
400m Individual Medley Men,MATTEAZZI Pier Andrea,ITA,1997-12-05,252.79
400m Individual Medley Men,KOS Hubert,HUN,2003-03-28,253.5
400m Individual Medley Men,WILLIAMS Brodie,GBR,1999-03-18,253.89
400m Individual Medley Men,MATTENET Emilien,FRA,2000-11-08,255.69
400m Individual Medley Men,"NAGY Richard",SVK,1993-03-09,258.29
400m Individual Medley Men,ZOBEL Marius,GER,1999-11-18,258.68
400m Individual Medley Men,BEN SHITRIT Eitan,ISR,2003-06-02,259.07
400m Individual Medley Men,ZELLMANN Poul,GER,1995-09-02,259.12
400m Individual Medley Men,FERS ERZEN Anze,SLO,1999-03-03,259.63
400m Individual Medley Men,GIOURTZIDIS Daniil,GRE,2002-12-16,260
400m Individual Medley Men,JANSEN Thomas,NED,2001-06-06,260.73
400m Individual Medley Men,TOSCAN Marius,SUI,2002-01-17,261.31
400m Individual Medley Men,JOENTVEDT Jon,NOR,2003-07-28,261.71
400m Individual Medley Men,CHMIELEWSKI Krzysztof,POL,2004-11-18,262.8
400m Individual Medley Men,LULEK William,SWE,1998-05-23,263.52
400m Individual Medley Men,CUSTER Liam,IRL,2004-04-10,264.5
400m Individual Medley Men,JABLCNIK Frantisek,SVK,2003-10-23,264.72
400m Individual Medley Men,LAVDANITI Zhulian,ALB,2003-03-17,300.82
